prediction_0_for_<=50K_1_for_>50K,target
0.013927373,0
0.39046416,1
0.00599828,0
0.02479658,0
0.000342568,0
0.010294916,0
0.0004721786,0
0.6934846,0
0.056833345,0
0.6737275,0
0.07755196,0
0.25091103,0
0.11470648,0
0.6610013,1
0.347623,0
0.584479,1
0.32378864,1
0.44071397,0
0.1825623,0
0.45229968,0
0.68948215,1
0.83554125,1
0.030640163,0
0.013641742,0
0.9907611,1
0.14701518,0
0.003078443,0
0.9993933,1
0.0379196,0
0.050789356,0
0.030437874,0
0.03397788,0
0.5188261,0
0.63759255,0
0.21556611,0
0.00998038,0
0.30456215,0
0.009461166,0
0.006412,0
0.00029730808,0
0.29876298,0
0.00027311195,0
0.9985726,1
0.86233026,0
0.998725,1
0.08957801,0
0.013862025,0
0.056437638,0
0.0042413473,0
0.004431242,0
0.053774342,0
0.023992762,0
0.98557657,1
0.13486545,0
0.06988882,0
0.0070821806,0
0.050605465,0
0.011155385,0
0.05631143,1
0.12415729,0
0.30342567,1
0.011288959,0
0.04277463,0
0.01920158,0
0.0037749528,0
0.004470073,0
0.19910891,0
0.05647965,0
0.016359061,0
0.34524488,1
0.3104102,0
0.304827,0
0.54733384,0
0.49083075,0
0.23814267,1
0.017009715,0
0.071139276,0
0.9978263,1
0.6269656,1
0.18488872,0
0.5672262,0
0.8512657,1
0.0062581073,0
0.0014860533,0
0.010185111,0
0.45673415,1
0.04195274,0
0.029739385,0
0.41215697,1
0.10835371,0
0.018678581,0
0.25160676,0
0.993018,1
0.019651301,0
0.0973446,1
0.002587487,0
0.8026085,1
0.044421475,0
0.021773765,0
0.011718877,0
0.509285,1
0.00034885472,0
0.99373597,1
0.108643495,0
0.028122298,0
0.018196043,0
0.23233382,1
0.0046641263,0
0.27502185,1
0.6763657,1
0.009486775,0
0.24190132,1
0.0055384883,0
0.0045978446,0
0.036375556,0
0.12589489,0
0.060205936,0
0.97422296,1
0.019493574,0
0.9985885,1
0.6715142,1
0.012210421,0
0.7548916,0
0.1391726,0
0.43593726,1
0.0069543514,0
0.71437263,1
0.04826122,1
0.74255747,0
0.024365814,0
0.86820465,1
0.010618202,0
0.00015224221,0
0.39566526,0
0.2773518,0
0.012533461,0
0.36151043,1
0.42184213,0
0.24714617,0
0.02153968,0
0.41588637,0
0.03379852,0
0.0061280006,0
0.098018385,1
0.5416882,1
0.29390025,1
0.012044239,0
0.001810013,0
0.04683323,0
0.115846574,0
0.059081573,0
0.3625339,1
0.008753126,0
0.65673935,1
0.98283404,1
0.5325548,1
0.006832274,0
0.010262934,0
0.8974846,1
0.00935932,0
0.6540203,1
0.5224167,1
0.88670707,1
0.35487804,1
0.4885138,0
0.14130886,0
0.3824115,0
0.16483487,0
0.6386795,1
0.00068246777,0
0.0063530537,0
0.035358403,0
0.009931461,0
0.0010599243,0
0.6696417,1
8.803345e-05,0
0.006626539,0
0.65428066,1
0.5771714,1
0.0029618598,0
0.22321536,0
0.13812603,0
0.08324943,0
0.9992163,1
0.001963852,0
0.0004930165,0
0.67653686,1
0.47394824,1
0.04098432,0
0.7481854,1
0.5560151,0
0.17949563,0
0.0071247,0
0.15741742,0
0.047973145,0
0.015043449,0
0.0028899752,0
0.00790452,1
0.00044703306,0
0.67902297,1
0.06996574,0
0.37823048,1
0.036358308,0
0.21167344,0
0.345924,1
0.0017574513,0
0.021922672,0
0.006977269,0
0.2411802,1
0.0389806,0
0.18845864,1
0.010474917,0
0.90542287,1
0.0010672652,0
0.028566664,0
0.49528334,1
0.039736442,0
0.50691515,1
0.41520444,0
0.61989707,0
0.4519739,0
0.0035441823,0
0.14754452,0
0.05557018,0
0.040159505,0
0.005954221,0
0.08166558,0
0.016348008,0
0.019000025,0
0.007426077,0
0.04427296,0
0.012718971,0
0.01387013,0
0.04051981,0
0.0030577441,0
0.99914867,1
0.3886756,1
0.027251547,0
0.0027286354,0
0.020689193,0
0.014353993,0
0.9993356,1
0.018417407,0
0.7508494,1
0.15929586,0
0.0003516945,0
0.12994269,0
0.97033614,1
0.9986617,1
0.1373007,1
0.0285703,0
0.00056742923,0
0.9983909,1
0.009559101,0
0.29474363,1
0.31133172,0
0.0013924291,0
0.11035522,0
0.022694623,0
0.008160033,0
0.21951433,0
0.010116497,0
0.00039932653,0
0.03633932,0
0.004713495,0
0.66890115,1
0.30130738,0
0.011554549,0
0.0064079612,0
0.0073694945,0
0.03807365,0
0.0032631597,0
0.1091995,0
0.0015901491,0
0.007729256,0
0.04642835,0
0.6973252,1
0.008557323,0
0.006392406,0
0.30500588,0
0.334572,1
0.012149853,0
0.113471545,0
0.0135759795,0
0.23459943,0
0.016437704,0
0.032049693,0
0.70951813,1
0.002637104,0
0.19677661,1
0.5220021,0
0.0008922801,0
0.008248976,0
0.0041226917,0
0.2767391,0
0.0029980082,0
0.035265565,0
0.7784589,1
0.052683715,0
0.5264063,0
0.017476685,0
0.008635233,0
0.01865312,0
0.87595063,1
0.9915548,1
0.2184862,1
0.7853659,1
0.5226867,1
0.36367813,0
0.0029867226,0
0.31691682,0
0.013151548,0
0.00336371,0
0.026737219,0
0.01211081,0
0.074793994,0
0.008402916,0
0.060309004,0
0.0007336676,0
0.48731557,0
0.62004596,0
0.01936472,0
0.0110980505,0
0.005612274,0
0.20090492,1
0.3533074,0
0.0054441676,0
0.5989798,1
0.0055240304,0
0.020588906,0
0.0028404735,0
0.03243098,0
0.23948602,1
0.00061499694,0
0.21434426,1
0.9953413,1
0.9906799,1
0.53987724,1
0.7348682,1
0.029427016,0
0.34657717,1
0.0060808384,0
0.0802088,0
0.047161415,0
0.10891726,1
0.4233257,0
0.9955022,1
0.94571185,1
0.008746442,0
0.0067231744,1
0.0251323,0
0.04572088,0
0.18195017,0
0.57806224,1
0.03881268,0
0.20022987,1
0.16702314,0
0.018627385,0
0.11547766,0
0.4673939,1
0.03951089,0
0.707907,1
0.01184503,0
0.009354569,0
0.024686744,0
0.7109427,1
0.66982824,1
0.008214404,0
0.10491999,0
0.023442777,0
0.40812966,1
0.79117817,0
0.0044017406,0
0.0033252204,0
0.010928455,0
0.00026886375,0
0.025752386,0
0.14472672,0
0.0005238059,0
0.73105145,1
0.035784703,0
0.08797165,0
0.07522946,0
0.001137359,0
0.49303368,1
0.46906105,0
0.004978567,0
0.31195113,1
0.732748,1
0.056363642,0
0.00025068913,0
0.026984075,0
0.7176783,1
0.7494388,1
0.018205233,0
0.16769378,0
0.08227626,0
0.0050695497,0
0.5247948,1
0.41308394,0
0.003199267,0
0.975683,1
0.97847843,1
0.008456203,0
0.012279312,0
0.00045586049,0
0.2675427,0
0.5236278,0
0.81576675,1
0.020752715,0
0.0064978055,0
0.5934335,0
0.14212216,1
0.043079797,0
0.017600093,0
0.021015773,0
0.21403103,0
0.0069494597,0
0.02542533,0
0.97655183,1
0.38442138,0
0.12783444,0
0.023271399,0
0.029241653,0
0.7065943,1
0.3306711,0
0.07198984,0
0.7678833,1
0.020877684,0
0.030949099,0
0.43384364,0
0.9990005,1
0.03061577,0
0.13945116,0
0.6479534,1
0.11541586,0
0.59950113,1
0.46212783,0
0.0047460604,0
0.09756156,0
0.017689647,0
0.46553287,0
0.19601734,1
0.012136058,0
0.00034113566,0
0.6974285,0
0.03538289,0
0.0025644884,0
0.15340757,1
0.26137078,0
0.209513,1
0.3998367,1
0.28867787,0
0.001738919,0
0.57336223,1
0.021890769,0
0.014079909,0
0.010078848,0
0.09676757,0
0.40153447,1
0.0068384674,0
0.051587638,0
0.86715895,1
0.0076836874,0
0.99042445,1
0.86368054,1
0.29183254,0
0.20133598,0
0.43891498,1
0.55590427,1
0.99800473,1
0.96579593,1
0.005686538,0
0.00321755,0
0.3809038,1
0.8374583,1
0.055998635,0
0.430665,0
0.015001784,0
0.027325781,0
0.7110141,1
0.00060478545,0
0.00045140146,0
0.015799161,0
0.014245073,0
0.07003039,0
0.7153457,1
0.017087793,0
0.0060512326,0
0.9988165,1
0.09076235,0
0.0003319628,0
0.18433411,1
0.04451564,0
0.0004362949,0
0.030075923,0
0.014836088,0
0.5554081,0
0.9801135,1
0.99681276,1
0.013361037,0
0.98310643,1
0.008836628,0
0.0005145344,0
0.0011030152,0
0.030734746,0
0.17411971,0
0.001261846,0
0.19845955,0
0.2308395,0
0.99616355,1
0.4443067,0
0.009936902,0
0.01033971,0
0.5785577,1
0.027634358,0
0.4568069,0
0.159316,0
0.030572383,0
0.4188604,0
0.044552553,0
0.007835519,0
0.003493023,0
0.0031801548,0
0.010241886,0
0.99625945,1
0.013615307,0
0.0024622036,0
0.006335664,0
0.38420847,0
0.121892415,0
0.0025730063,0
0.9721925,1
0.07656666,0
0.059947412,0
0.43491793,0
0.00688174,0
0.0053488114,0
0.03693873,0
0.0019244334,0
0.10746933,0
0.016322028,0
0.22376986,0
0.0016078148,0
0.0076003945,0
0.07177596,0
0.0067960024,0
0.009774433,0
0.0005741997,0
0.40471974,1
0.9915802,1
0.60293216,1
0.0058954153,0
0.20258369,0
0.38955292,1
0.29787344,1
0.4076241,1
0.01087853,0
0.08555182,0
0.44632486,0
0.001104413,0
0.09478069,0
0.00020372901,0
0.048811976,0
0.06988846,0
0.023276577,1
0.0016035106,0
0.9990627,1
0.011435419,0
0.003868294,0
0.041508976,0
0.0006610003,0
0.38060364,0
0.024722373,0
0.047079068,0
0.28302297,0
0.14772569,0
0.009807904,0
0.43481493,0
0.004178187,0
0.021892438,0
0.36115685,0
0.35965362,1
0.102623604,0
0.0057326616,0
0.007748194,0
0.004598443,0
0.030842088,0
0.24579893,0
0.10297176,0
0.06343552,0
0.28029084,0
0.031597085,0
0.078580335,0
0.011101521,0
0.00039450324,0
0.023360444,0
0.98086196,1
0.024007149,0
0.026180735,0
0.16103569,0
0.071915194,0
0.37820956,1
0.15549105,0
0.8240175,1
0.27129194,0
0.02644191,0
0.70848817,1
0.0034168698,0
0.017816635,0
0.023713239,0
0.8473261,0
0.0007208356,0
0.19067098,1
0.0021426016,0
0.014028516,0
0.34650674,0
0.86013573,0
0.073095925,0
0.19077642,0
0.000732145,0
0.05539927,0
0.09046992,0
0.24793749,0
0.12317538,0
0.08857354,0
0.0086790705,0
0.5001312,0
0.2776747,0
0.0073816045,0
0.05324392,0
0.71042436,1
0.013639477,0
0.008356632,0
0.024683498,0
0.40957442,0
0.004731294,0
0.0031615787,0
0.04097614,0
0.16283639,0
0.005834767,0
0.42808437,1
0.08511289,0
0.0045848237,0
0.7183711,1
0.15045156,0
0.36302367,1
0.82339674,1
0.0036876919,0
0.07526902,0
0.15313174,1
0.016824836,0
0.009179029,0
0.3316567,0
0.028189102,0
0.12543425,0
0.53560203,1
0.26845112,1
0.007014017,0
0.34450486,1
0.5344617,0
0.8803026,1
0.0049897926,1
0.0006372219,0
0.35849681,0
0.016989322,0
0.11057433,0
0.025072759,0
0.85459524,0
0.07183397,0
0.96428746,1
0.0048954417,0
0.025616938,0
0.12715675,0
0.4469737,1
0.36325482,1
0.122300126,0
0.050770104,0
0.48429963,1
0.116282724,0
0.0014029057,0
0.00060601736,0
0.00038041928,0
0.5440165,1
0.32956308,1
0.035535328,0
0.009952212,0
0.8320262,0
0.002214758,0
0.028551122,0
0.9805848,1
0.10425047,0
0.5212031,1
0.00043749224,0
0.06918931,0
0.0015151644,0
0.015848506,0
0.9012268,1
0.48303285,1
0.052228134,0
0.73279923,1
0.14916669,0
0.8029149,1
0.023951693,0
0.1589554,0
0.39184055,0
0.14355694,1
0.12226277,0
0.124002196,0
0.0037657197,0
0.007465631,0
0.03197604,0
0.32639048,1
0.03766626,0
0.024826631,0
0.7177437,1
0.2658812,1
0.8031048,1
0.38537037,0
0.4916574,0
0.1656797,0
0.00878389,0
0.024175815,0
0.23302929,1
0.0010010512,0
0.7242133,1
0.38341293,1
0.079408005,0
0.0007074569,0
0.0035429446,0
0.94366294,1
0.012872142,0
0.14293623,0
0.01890864,0
0.50892895,1
0.028496565,0
0.35674968,0
0.8352242,1
0.43281183,1
0.013765535,0
0.25287303,1
0.014856291,0
0.00027834153,0
0.3137538,1
0.6561762,1
0.0006455401,0
0.2431453,0
0.22386146,1
0.00034245223,0
0.4885405,0
0.0007353727,0
0.7551839,1
0.017642636,0
0.79473,1
0.4370552,0
0.056145575,0
0.38668644,0
0.6895702,0
0.05846226,0
0.074711844,0
0.014847744,0
0.0007726086,0
0.7283735,0
0.23639853,1
0.624459,1
0.1617914,0
0.113540925,0
0.0062814876,0
0.2756582,0
0.3896111,1
0.04882746,0
0.055887464,0
0.014495042,0
0.22024183,0
0.010254359,0
0.019448504,0
0.13877852,1
0.017532384,0
0.3539232,0
0.17918128,0
0.5268766,1
0.100537784,0
0.016354581,0
0.20378953,1
0.02117197,0
0.0035104973,0
0.061324134,0
0.005785513,0
0.010910244,0
0.00036722037,0
0.003143023,0
0.0065814178,0
0.006761571,0
0.31930757,0
0.054509554,0
0.025556302,0
0.015754942,0
0.08122548,0
0.027041188,0
0.00078075944,0
0.0036641506,0
0.88655573,1
0.027194852,0
0.02722503,0
0.007571181,0
0.0028006819,0
0.7423937,1
0.015917307,0
0.012077567,0
0.4450426,1
0.75368625,1
0.0002329017,0
0.033642482,0
0.02589882,0
0.80173844,1
0.37255514,0
0.72851735,0
0.00035732353,0
0.4250447,0
0.23085414,0
0.025330966,0
0.69317883,0
0.026950771,0
0.37222305,0
0.9988285,1
0.004162084,0
0.63273567,0
0.02128745,0
0.46099904,0
0.009474255,0
0.00971541,0
0.0011685103,0
0.74132353,1
0.8608217,1
0.008305058,0
0.049071,0
0.6748953,0
0.010227814,0
0.9996163,1
0.14456534,1
0.06459398,0
0.0002228942,0
0.043664146,0
0.00071209605,0
0.2642815,0
0.00043179223,0
0.03140093,1
0.5636488,0
0.12135642,0
0.30940813,0
0.036701493,1
0.019063674,0
0.99579793,1
0.0025341082,0
0.63808715,1
0.0004704588,0
0.06669432,0
0.0010883994,0
0.2425294,0
0.07168134,0
0.0013741854,0
0.105555095,0
0.0035753625,0
0.047725577,0
0.5424085,1
0.0015412048,0
0.16286078,0
0.011911402,0
0.0005119392,0
0.3838105,0
0.0054513966,0
0.14248504,1
0.00093834446,0
0.25577134,0
0.62863714,0
0.02235467,0
0.09370288,0
0.35547003,0
0.17366461,0
0.036580674,0
0.6099221,1
0.9858709,1
0.0008081102,0
0.014981013,0
0.002113876,0
0.011419959,0
0.031677578,0
0.754245,1
0.09982341,0
0.009539564,0
0.06800005,1
0.0063618254,0
0.5080678,1
0.002832602,0
0.24737453,0
0.29480052,0
0.17517233,0
0.0033446439,0
0.84178275,1
0.0050961347,0
0.80200464,1
0.52472776,1
0.8371255,1
0.45515397,1
0.0032437828,0
0.2571262,0
0.05236676,0
0.0014791391,0
0.7310206,1
0.100702755,0
0.44971454,0
0.25263795,0
0.11449525,1
0.0025049665,0
0.12848139,0
0.013753045,0
0.39314127,0
0.562251,1
0.046619132,0
0.032746095,0
0.00040248886,0
0.3611013,1
0.1190593,0
0.0004652891,0
0.96225476,1
0.59972256,1
0.0045706,0
0.99042445,1
0.7515475,1
0.9993606,1
0.005990637,0
0.97554797,1
0.5039578,1
0.022635663,0
0.0004685058,0
0.003067163,0
0.004235103,0
0.12991923,0
0.039170127,0
0.021497184,0
0.15905608,0
0.0005627874,0
0.04993775,0
0.22281055,0
0.14108266,0
0.103691794,0
0.0015120829,0
0.026371606,0
0.5597709,0
0.017236477,0
0.011240522,0
0.25103107,0
0.099077515,0
0.3779606,0
0.008932098,0
0.998818,1
0.5590217,0
0.5311991,1
0.62844634,0
0.16261314,0
0.29244953,1
0.2599437,0
0.015999535,0
0.93524235,0
0.024671957,0
0.012361969,0
0.622605,0
0.2374816,1
0.00030641013,0
0.8758847,1
0.0050043142,0
0.0005907524,0
0.8112481,1
0.09691366,0
0.0560696,0
0.0013629048,0
0.99280626,1
0.0013257154,0
0.32460943,1
0.0602044,0
0.5430115,0
0.0689582,0
0.62698925,1
0.00026648323,0
0.42910543,1
0.004877218,0
0.12224675,0
0.0036281266,0
0.009626544,0
0.17432876,0
0.08517483,0
0.066054925,0
0.00070804876,0
0.9977584,1
0.03896775,0
0.4083062,1
0.012531278,0
0.00042870082,0
0.90110487,1
0.028487952,0
0.08892572,0
0.06503849,0
0.36645493,1
0.053606644,0
0.500475,0
0.2650521,0
0.034258332,0
0.40048596,0
0.13227646,0
0.12584925,0
0.023331149,0
0.013326615,1
0.25420904,0
0.5643057,0
0.0005315061,0
0.016706841,0
0.011866997,0
0.2743023,0
0.0005152141,0
0.13087729,0
0.0014000329,0
0.0003323862,0
0.0003407929,0
0.00044791386,0
0.025744557,0
0.00064454385,0
0.023856057,0
0.7307703,1
0.008001178,0
0.0070915646,0
0.9992829,1
0.19332977,0
0.9985607,1
0.99885255,1
0.17690264,1
0.0005959231,0
0.7194864,1
0.65724814,1
0.094281174,0
0.71660775,1
0.55770016,1
0.2533834,1
0.022112386,0
0.04610124,0
0.6231052,1
0.5619419,1
0.03368335,0
0.9891782,1
0.017305901,0
0.9239355,1
0.20561711,0
0.95834595,1
0.99874425,1
0.095380954,0
0.49541125,0
0.005549546,0
0.08701763,0
0.0617571,0
0.10121281,0
0.008446442,0
0.0926281,0
0.455542,1
0.0051023737,0
0.36076212,1
0.01145075,0
0.07471518,0
0.020709496,0
0.6016578,0
0.42779115,1
0.069631815,0
0.8225214,1
0.091844164,0
0.34410536,1
0.45760813,1
0.0017160542,0
0.13766491,0
0.0058797584,0
0.40263823,1
0.017995099,0
0.051026493,0
0.0146233225,0
0.023175145,0
0.0046860953,0
0.22016163,0
0.64007723,1
0.003854287,0
0.3896111,1
0.001073293,0
0.6631841,0
0.27035826,1
0.09976088,0
0.084672116,0
0.033866297,0
0.46779713,1
0.00037289868,0
0.00095033244,0
0.0007441601,0
0.0012728719,0
0.4357579,1
0.0039688884,0
0.0069749956,0
0.14634357,0
0.0004541756,0
0.0006264467,0
0.07733385,0
0.06076381,0
0.02572347,0
0.00027713564,0
0.431743,0
0.023107896,0
0.10386527,0
0.050940488,0
0.29367602,0
0.013732049,0
0.7948677,1
0.7420504,1
0.104207195,1
0.90342623,1
0.02525348,0
0.24690409,1
0.0014354159,0
0.0024665887,0
0.18161644,0
0.008104314,0
0.09608337,0
0.02173341,0
0.06672157,0
0.3100519,1
0.008645285,0
0.8833447,1
0.03918542,0
0.014119812,0
0.065872535,0
0.007028222,0
0.20572472,0
0.3542993,0
0.078683935,0
0.05270453,1
0.17475908,0
0.40622362,0
0.17618096,0
0.5835179,0
0.17439438,0
0.0004452103,0
0.0033850956,0
0.042867232,0
0.014899875,0
0.009298369,0
0.08712419,0
0.004938447,0
0.034017667,0
0.017093096,0
0.00038327478,0
0.2780837,0
0.1219055,0
0.0013861194,0
0.018669529,0
0.004957583,0
0.0004449157,0
0.63579977,0
0.009132085,0
0.7321177,1
0.0014643498,0
0.35022697,0
0.013172626,0
0.99888104,1
0.31976023,0
0.990159,1
0.0025772243,0
0.2938614,1
0.10839739,0
0.008759081,0
0.067333005,0
0.7966375,0
0.9985725,1
0.2851613,0
0.6169426,0
0.14578375,0
0.99114114,1
0.56194055,1
0.30703962,0
0.026104825,0
0.0012940328,0
0.18793781,0
0.0044698967,0
0.005703078,0
0.3045842,0
0.057825904,0
0.11015779,1
0.0383565,0
0.00060024485,0
0.9951873,1
0.16126731,0
0.00060702465,0
0.02422331,0
0.018553449,0
0.0575736,0
0.023111796,0
0.06388367,0
0.24432878,0
0.53592336,1
0.99939805,1
0.89960426,1
0.00038404195,0
0.99895066,1
0.0045910473,0
0.023758048,0
0.15235928,1
0.41050395,1
0.00090618315,0
0.021261087,0
0.3382231,0
0.04941145,0
0.005662359,0
0.015839651,0
0.13914469,1
0.5344033,1
0.69247526,1
0.9438301,1
0.2642815,0
0.06359902,0
0.048112154,0
0.020861736,0
0.030739067,0
0.2965431,1
0.75662833,1
0.00030129263,0
0.00058482436,0
0.031132072,0
0.9625651,1
0.035056006,0
0.06355834,0
0.98051,1
0.04322881,0
0.9942367,1
0.033276103,0
0.31480455,0
0.013544459,0
0.85184973,0
0.36881587,0
0.015321038,0
0.29201692,0
0.055411827,0
0.0016614484,0
0.0764742,0
0.046430115,0
0.38125005,0
0.9995846,1
0.9938242,1
0.9990713,1
0.13642521,0
0.108404756,0
0.0019620247,0
0.0004473148,0
0.01625583,0
0.00029175368,0
0.2965431,0
0.03811084,0
0.40631738,0
0.009037696,0
0.018777775,0
0.10430319,0
0.38379982,1
0.99094605,1
0.4648583,1
0.0004477905,0
0.034939013,0
0.004504468,0
0.5939725,1
0.15394603,0
0.006459406,0
0.1443896,0
0.20365559,0
0.37904274,0
0.007715383,0
0.5209761,0
0.016058415,0
0.023293579,0
0.0060981927,0
0.08244007,0
0.021495232,0
0.007975821,0
0.012995523,0
0.0003552628,0
0.015975695,0
0.47453502,0
0.00028456678,0
0.008417187,0
0.99381036,1
0.10002428,0
0.49259946,0
0.018065609,0
0.08897483,0
0.0066906675,0
0.23982823,0
0.36968002,0
0.008611187,0
0.3209505,1
0.0031419815,0
0.012156832,0
0.009313348,0
0.089013316,0
0.757793,1
0.009548096,0
0.29241866,0
0.8817642,1
0.79642034,1
0.00015396031,0
0.15081325,0
0.45017895,0
0.36614254,0
0.008637136,0
0.00062849943,0
0.33275834,1
0.024777822,0
0.18094283,0
0.0006688744,0
0.2636987,0
0.9589427,1
0.94673854,1
0.012135376,0
0.35628328,0
0.6473042,0
0.058237057,0
0.0002609934,0
0.00028792652,0
0.0005908723,0
0.64679664,1
0.04009724,0
0.00037362034,0
0.014593731,0
0.004251237,0
0.2974458,0
0.71982974,0
0.0058147,0
0.045115802,0
0.48675326,0
0.023492789,0
0.20911592,0
0.5703278,1
0.41483423,1
0.46181127,0
0.0014178663,0
0.21710443,0
0.3371143,0
0.11666661,0
0.4392222,0
0.03612239,0
0.550004,1
0.82649374,1
0.5866854,1
0.0023282298,0
0.24661922,0
0.14215857,0
0.16510563,0
0.00054034265,0
0.5233703,0
0.45385635,0
0.20300893,1
0.028458841,0
0.016754968,0
0.39683712,1
0.0134309335,0
0.44632018,1
0.55290437,1
0.87265754,1
0.022590527,0
0.01035387,0
0.013078623,0
0.0013333941,0
0.00035328293,0
0.43942678,0
0.034981586,0
0.15011065,0
0.5178605,0
0.17459309,1
0.003462999,0
0.012992125,0
0.0026286067,0
0.0057152533,0
0.080123484,0
0.2116187,1
0.0013466259,0
0.3293045,0
0.080281526,0
0.015049872,0
0.10255482,0
0.0039183246,0
0.072457455,0
0.03302761,0
0.00027252384,0
0.9986623,1
0.0042111045,0
0.42873165,1
0.019579154,0
0.084639944,0
0.06152608,0
0.0038667123,0
0.008475864,0
0.9729678,1
0.0051546423,0
0.005705867,0
0.21561907,0
0.09425331,0
0.43720785,0
0.027474483,0
0.22942992,0
0.35826674,1
0.03145869,0
0.000793714,0
0.9971621,1
0.0069023506,0
0.039448187,0
0.04090099,0
0.28130808,1
0.409017,0
0.6729308,1
0.6608598,1
0.37320998,0
0.8428082,1
0.15937011,0
0.0021922751,0
0.0032288625,0
0.7594431,0
0.016204035,0
0.0140815945,0
0.20464128,0
0.60093164,0
0.6850128,1
0.7450068,0
0.19288759,0
0.00077875884,0
0.0022185936,0
0.001005551,0
0.54461265,0
0.9994934,1
0.03330754,0
0.11349145,0
0.99753165,1
0.0069015864,0
0.0191331,0
0.13496731,0
0.005357403,0
0.3608954,0
0.4396149,0
0.66650003,1
0.03117651,0
0.0021307222,0
0.8838463,0
0.007090125,0
0.0155250905,0
0.063913636,0
0.008533383,0
0.20445514,1
0.00039823985,0
0.19035004,0
0.15050931,0
0.021425629,0
0.0074285697,0
0.0005311002,0
0.22468214,0
0.002558688,0
0.0075068567,0
0.033965785,0
0.14285086,0
0.012425016,0
0.9044964,1
0.012694973,0
0.9461463,1
0.035595737,0
0.99854666,1
0.04363538,0
0.0010086553,0
0.0011030466,0
0.00052198296,0
0.23143129,0
0.18094283,0
0.00025782076,0
0.002692038,0
0.07428108,0
0.19265004,0
0.009469392,0
0.9876434,1
0.39045417,1
0.12340949,0
0.7051077,1
0.0006526054,0
0.031674415,0
0.17074217,0
0.0054965448,0
0.30309698,0
0.0055697164,0
0.65773284,1
0.37274453,0
0.23740052,0
0.0008034639,0
0.014000841,0
0.00033931053,0
0.31392476,1
0.13694656,0
0.016238658,0
0.034440354,0
0.020516224,0
0.30353573,0
0.02198439,0
0.0003396183,0
0.65653497,0
0.0048360103,0
0.27493754,0
0.016325051,0
0.5520823,1
0.57332987,1
0.3745965,0
0.0004625502,0
0.6057197,0
0.0038258517,0
0.02801562,0
0.30285072,1
0.0020741976,0
0.782718,0
0.0003812694,0
0.39090726,1
0.019125106,0
0.061806303,0
0.41333947,0
0.023318022,0
0.4143031,0
0.04859976,0
0.007101873,0
0.3035976,1
0.0072960537,0
0.43822995,0
0.026843756,0
0.067299485,0
0.024356574,0
0.009973174,0
0.00027967905,0
0.09098965,1
0.015557182,0
0.47581682,0
0.27714425,0
0.09544178,0
0.0011555331,0
0.07338745,0
0.46922943,0
0.00085254916,0
0.02555803,0
0.017851831,0
0.24302955,0
0.0006024164,0
0.00020629635,0
0.016788127,0
0.59800005,1
0.030642966,0
0.08982853,0
0.002810634,0
0.0025054633,0
0.14537603,0
0.0019971374,0
0.99943477,1
0.010554369,0
0.04665563,0
0.48957643,0
0.39028537,0
0.009774613,0
0.44170025,0
0.0011312244,0
0.0067605716,0
0.8997607,1
0.004967885,0
0.011524976,0
0.47187713,0
0.0038847774,0
0.0037070678,0
0.072534725,0
0.4140897,0
0.17150934,0
0.40116373,0
0.00405021,0
0.0041842023,0
0.001085874,0
0.073834814,0
0.39054784,1
0.10705044,0
0.57275563,1
0.0128627615,0
0.043282103,0
0.65283597,1
0.20390756,1
0.41974697,0
0.6898281,1
0.17638582,0
0.43320695,0
0.003657696,0
0.0025292255,0
0.6700093,0
0.3390477,0
0.0004009362,0
0.009100616,0
0.9489434,1
0.02866988,0
0.44707754,1
0.0072018527,0
0.0049847546,0
0.033984352,0
0.9936053,1
0.37115324,1
0.015248414,0
0.67860585,1
0.29146802,0
0.11814643,0
0.0046978486,0
0.52818424,0
0.022734324,0
0.054367844,0
0.01547533,0
0.014678682,0
0.9993542,1
0.25375307,1
0.42693076,0
0.081503406,0
0.03427367,0
0.998584,1
0.9846789,1
0.5192949,0
0.41494653,1
0.48502174,1
0.22014137,0
0.6182134,1
0.001659914,0
0.08374602,0
0.12990884,0
0.18583827,1
0.98798007,1
0.9914066,1
0.4690121,0
0.009290032,0
0.00019289803,0
0.0017568081,0
0.04230046,0
0.30919763,1
0.9995339,1
0.10093217,0
0.5793501,0
0.0111465575,0
0.3446877,0
0.03383981,0
0.047763515,0
0.36755154,1
0.019481247,0
0.009860423,0
0.25091997,0
0.36532173,0
0.18753481,0
0.0019300816,0
0.20739801,0
0.010512178,0
0.0036330342,0
0.010892977,0
0.3665184,0
0.054759845,0
0.0127940355,0
0.1555993,1
0.3004429,0
0.99891216,1
0.0038736959,0
0.011347561,0
0.0071897903,0
0.41679868,0
0.00039263177,0
0.5813451,1
0.0076306327,0
0.9617226,1
0.00028774593,0
0.6855864,1
0.64560896,0
0.00063015724,0
0.4600675,1
0.026571726,0
0.80278426,1
0.074163765,0
0.84724027,1
0.046698216,0
0.40710196,1
0.28314662,0
0.1185169,0
0.7394471,1
0.030424258,0
0.0003435485,0
0.01336543,0
0.030317893,0
0.0022267015,0
0.008360493,0
0.9964281,1
0.17715089,1
0.81799436,1
0.018947726,0
0.11007487,0
0.014949423,0
0.4876938,0
0.623973,0
0.00029570778,0
0.044860583,0
0.10217514,0
0.015572283,0
0.021421766,0
0.99895644,1
0.33429837,0
0.037305064,0
0.25518364,1
0.25132102,0
0.013404996,0
0.84382385,1
0.00022948527,0
0.010711201,0
0.02957312,0
0.016357949,0
0.011539251,0
0.000684338,0
0.9943974,1
0.10373905,0
0.052210618,0
0.00082066614,0
0.13270468,0
0.019827975,0
0.0029732594,0
0.07262561,0
0.07688611,0
0.4254137,1
0.3046781,0
0.14044064,0
0.4053876,0
0.5109956,1
0.99936897,1
0.03645251,0
0.056126233,0
0.0119138425,0
0.73062867,0
0.2283489,0
0.000992842,0
0.027017364,0
0.5942249,1
0.007598182,0
0.62229055,0
0.9893622,1
0.66951114,1
0.5558074,1
0.01307233,0
0.007102108,0
0.4490527,1
0.0017808845,0
0.004111122,0
0.29848483,1
0.15328154,0
0.9688492,1
0.013189185,0
0.42139614,1
0.87566644,1
0.004442182,0
0.028407639,0
0.9991501,1
0.009733985,0
0.11702635,0
0.9966791,1
0.5674624,1
0.0035909212,0
0.00041134973,0
0.40718773,0
0.73671204,0
0.43447506,0
0.008762995,0
0.06642702,0
0.1871802,0
0.4822358,1
0.0051727467,0
0.0030971665,0
0.04171733,0
0.08210131,0
0.083665155,0
0.62561184,0
0.044826522,0
0.373161,0
0.20920789,1
0.99179816,1
0.095298864,0
0.0044006663,0
0.98663014,1
0.020069309,0
0.0031438742,0
0.6556326,1
0.13730714,0
0.24654794,0
0.82993907,0
0.026324438,0
0.00816448,0
0.7506318,0
0.029903926,1
0.0006124565,0
0.0045303046,0
0.7471892,1
0.0056715184,0
0.010166125,0
0.0078909425,0
0.6099082,0
0.015158352,0
0.00063541136,0
0.41817704,0
0.3714273,0
0.52311146,1
0.0022138772,0
0.0010007594,0
0.19015951,0
0.026802054,0
0.0055259434,0
0.74703914,1
0.9990905,1
0.6961451,1
0.016175494,0
0.024983205,0
0.072236374,1
0.18755679,0
0.9534869,1
0.18797486,0
0.30847636,0
0.9989779,1
0.684299,1
0.031284492,0
0.0027429524,0
0.08152874,0
0.5384216,1
0.0013671716,0
0.90369225,0
0.11422645,0
0.053753268,0
0.28435227,0
0.00037372523,0
0.00036515514,0
0.9977848,1
0.0003522644,0
0.99347067,1
0.056157097,1
0.24874574,1
0.00046958867,0
0.012265549,0
0.35693976,0
0.20804226,0
0.00036512746,0
0.02659662,0
0.5262413,0
0.0066628656,0
0.00056321267,0
0.09115028,1
0.43188396,0
0.41066298,1
0.40391478,0
0.37207258,0
0.0032184815,0
0.0052113035,0
0.0014170402,0
0.020435898,0
0.9984749,1
0.00094273454,0
0.0065235193,0
0.0013798604,0
0.010271239,0
0.00084355054,0
0.00037959297,0
0.0006327176,0
0.0010085938,0
0.8703515,1
0.04549453,0
0.03619616,0
0.7053918,0
0.27777946,0
0.7685186,0
0.51518166,0
0.20546179,0
0.013626314,0
0.00050621066,0
0.9990428,1
0.014067277,0
0.55860007,0
0.004125984,0
0.03134148,0
0.0006652812,0
0.33199546,1
0.52788854,0
0.019069426,0
0.10830102,0
0.025990045,0
0.00019830801,0
0.99945503,1
0.24580169,0
0.010907563,0
0.2622704,0
0.7423427,1
0.012951062,0
0.0023531825,0
0.0065103457,0
0.031612627,0
0.013571913,0
0.3401102,0
0.056299206,0
0.5467536,0
0.011500086,0
0.2719367,1
0.33820334,0
0.6038017,1
0.53567123,0
0.16878234,1
0.3874978,0
0.012304525,0
0.011034855,0
0.99933463,1
0.3071214,0
0.00041682375,0
0.15427722,0
0.0005071198,0
0.056818295,0
0.13532197,0
0.0005918048,0
0.021032358,0
0.023403466,0
0.11713517,0
0.24729826,1
0.99780124,1
0.0013483431,0
0.00067304267,0
0.15566377,0
0.01240294,0
0.03514835,0
0.06026681,0
0.0002969755,0
0.0010251416,0
0.012204205,0
0.10861371,0
0.028518533,0
0.0049137105,0
0.0039334097,0
0.27740157,0
0.0006277245,0
0.25553218,0
0.020087702,0
0.0005440198,0
0.010840331,0
0.009167539,0
0.015621577,0
0.75386363,1
0.11084535,0
0.55815446,1
0.03439516,0
0.79307157,1
0.001900949,0
0.0031078618,0
0.062532194,0
0.019244894,0
0.58636546,0
0.3471171,0
0.35131583,0
0.21624993,0
0.00584655,0
0.27056408,0
0.11996413,0
0.027014596,0
0.0036144846,0
0.0002905606,0
0.012880518,0
0.015247813,0
0.0056219823,0
0.019692738,0
0.033459365,0
0.698353,0
0.027614025,0
0.21816753,0
0.059109885,0
0.987734,1
0.040998437,0
0.0047607003,0
0.019294724,0
0.047916546,0
0.285324,0
0.0042769695,0
0.29038998,0
0.84238714,1
0.65334916,1
0.00494152,0
0.060643125,1
0.039411847,0
0.06647087,0
0.09061429,0
0.018684434,0
0.70681167,1
0.002622688,0
0.22519295,0
0.0023771396,0
0.9979488,1
0.0017272463,0
0.07074333,0
0.3860191,0
0.0011667236,0
0.004404117,0
0.026435131,0
0.0009947759,0
0.00843242,0
0.48521307,1
0.49042365,0
0.00046799984,0
0.00043483483,0
0.13324524,1
0.9797197,1
0.009522805,0
0.0066308747,0
0.046228513,0
0.00048156935,0
0.18094283,0
0.6290201,1
0.014891212,0
0.0071736854,0
0.15704156,0
0.81767493,1
0.4369594,1
0.31513894,1
0.018826589,0
0.99422485,1
0.9942107,1
0.7878647,1
0.00031331612,0
0.0006115041,0
0.00034248634,0
0.0017272852,0
0.3811188,1
0.5789268,1
0.7746241,1
0.6295057,0
0.52352566,0
0.09920916,0
0.18918496,0
0.68584067,0
0.00011762115,0
0.00037143056,0
0.3591399,0
0.00062716176,0
0.0006276919,0
0.024492389,0
0.0006277245,0
0.03348809,0
0.016063087,0
0.3721455,1
0.0030866854,0
0.0008345445,0
0.22915526,0
0.033897992,0
0.060152307,0
0.006530887,0
0.0007631334,0
0.09410373,0
0.99712723,1
0.20478754,0
0.015507913,0
0.18860303,0
0.026164917,0
0.022742445,0
0.11380588,0
0.0075602676,0
0.17648463,1
0.11435761,0
0.3591399,0
0.59810805,0
0.005003322,0
0.0038065044,0
0.00032418914,0
0.0158116,0
0.0034658452,0
0.10892371,0
0.0016913885,0
0.09205621,0
0.008931841,0
0.08879372,0
0.28785482,0
0.0025772243,0
0.00680041,0
0.0034113924,0
0.00048388462,0
0.99472314,1
0.9991167,1
0.0003916401,0
0.6700612,1
0.118253924,0
0.7416684,1
0.015516813,0
0.45280924,1
0.6631841,1
0.00089059066,0
0.010088339,0
0.48872307,0
0.49641195,0
0.624587,0
0.5636533,0
0.005293761,0
0.0057737064,0
0.7370464,1
0.71223927,0
0.09609174,0
0.31116748,1
0.17745976,0
0.30640677,0
0.033450406,0
0.31625283,0
0.08631763,0
0.015468236,0
0.3372498,1
0.050603624,0
0.010911268,0
0.0002514247,0
0.11573876,0
0.054697018,0
0.29850066,0
0.01907207,0
0.0003136577,0
0.03352047,0
0.64873713,1
0.033436388,0
0.6331129,0
0.0035802873,0
0.002498965,0
0.025697807,0
0.9916957,1
0.010601304,0
0.2703271,0
0.0017195899,0
0.006932772,0
0.81887287,1
0.22638668,0
0.010378985,0
0.46927556,0
0.9973073,1
0.0026101153,0
0.55292,0
0.007923726,0
0.21956383,0
0.10135388,0
0.036667477,0
0.99951726,1
0.018693782,0
0.99002904,1
0.6974285,1
0.04443078,0
0.036963966,0
0.0003824164,0
0.99884397,1
0.02316838,0
0.0007406447,0
0.0003677969,0
0.73431927,1
0.0072874385,0
0.4463707,1
0.6205162,1
0.00064454385,0
0.0142980935,0
0.509588,0
0.8959933,1
0.7791055,1
0.91299915,1
0.0059674773,0
0.011570555,0
0.0047174916,0
0.99020785,1
0.12264282,0
0.78832513,0
0.21244365,0
0.6136939,1
0.05966674,0
0.49428275,0
0.2775614,0
0.0038858678,0
0.018020146,0
0.39927962,0
0.058271524,0
0.0044229534,0
0.14546621,0
0.010944753,0
0.39377186,0
0.006016934,0
0.7831449,1
0.0053774193,0
0.017225018,0
0.086425245,0
0.33504954,0
0.9956587,1
0.09702424,1
0.03179,0
0.005090616,0
0.857516,1
0.008541394,0
0.0077164415,0
0.052328903,0
0.061474655,0
0.7543406,0
0.23614721,1
0.0073994547,0
0.13296203,0
0.03334988,0
0.99935514,1
0.095187105,0
0.10199488,0
0.0054334276,0
0.0005894453,0
0.10795971,0
0.0037775123,0
0.002971179,0
0.001902839,0
0.0146609545,0
0.02969183,0
0.000985524,0
0.0016308787,0
0.3575422,0
0.3555036,0
0.8916256,1
0.0016836958,0
0.00292187,0
0.40859422,0
0.99018127,1
0.045216065,0
0.12189994,0
0.0014267062,0
0.11978344,0
0.4662126,0
0.9983128,1
0.0037843504,0
0.055242855,0
0.018662151,0
0.029863207,0
0.37120697,0
0.01781721,0
0.20512748,1
0.04785778,0
0.012219512,0
0.23208614,0
0.001262143,0
0.013766027,0
0.013482525,0
0.34877238,0
0.15499145,0
0.987119,1
0.023471305,0
0.0060847453,0
0.9955446,1
0.016222836,0
0.44199285,1
0.014752624,0
0.06836225,0
0.23293352,0
0.3118087,0
0.6397589,1
0.3135368,0
0.60460967,1
0.01554918,1
0.41869602,0
0.0010259672,0
0.49232805,1
0.015767843,0
0.012826878,0
0.9837981,1
0.5212013,0
0.25687417,0
0.0021102428,0
0.00039433953,0
0.002092191,0
0.2718611,0
0.0011290885,0
0.93816113,1
0.007861726,0
0.021329088,0
0.19129519,0
0.99748826,1
0.013445613,0
0.41648972,0
0.79610425,1
0.7432352,1
0.3188299,0
0.37763616,1
0.83625054,1
0.4809347,1
0.64437383,1
0.5583996,0
0.003172582,0
0.22736074,0
0.42468444,0
0.0139631005,0
0.002857338,0
0.31358564,0
0.3012735,0
0.2274812,0
0.8536199,1
0.02283675,0
0.0004944366,0
0.07084749,0
0.017873405,0
0.0008052599,0
0.17363183,0
0.024391951,0
0.005317716,0
0.80664444,1
0.041071195,0
0.014369269,0
0.9566036,1
0.9994667,1
0.14034805,1
0.012746688,0
0.10506684,1
0.09286257,0
0.27640763,0
0.06407171,0
0.37124944,0
0.05107622,0
0.02421154,0
0.00036911978,0
0.058901906,0
0.90581775,1
0.0054306146,0
0.039159816,0
0.19603659,0
0.055064693,0
0.016348852,0
0.024168039,0
0.051053837,0
0.9958339,1
0.0044264654,0
0.26598978,1
0.880933,1
0.18478543,0
0.8000794,1
0.12473986,0
0.103163324,0
0.09721773,0
0.0023753096,0
0.47705317,0
0.00048668965,0
0.6676497,1
0.014207599,0
0.030961113,0
0.18522243,1
0.9973797,1
0.048751395,0
0.36452076,0
0.00061315333,0
0.26639524,0
0.34889272,0
0.11780507,0
0.0023447515,0
0.0006503949,0
0.74816936,1
0.36443904,0
0.0003897508,0
0.0009324841,0
0.0022189822,0
0.09065432,0
0.26161557,1
0.009543011,0
0.017224744,0
0.40949735,1
0.058332603,0
0.010408314,0
0.00042114608,0
0.19964243,0
0.9512747,1
0.6305744,1
0.00035416544,0
0.5944136,1
0.00036652092,0
0.24034755,0
0.0006858523,0
0.41113558,1
0.5898721,0
0.04746003,0
0.0005405745,0
0.0064037875,0
0.014742613,0
0.21846353,0
0.032250628,0
0.0026695102,0
0.0006574127,0
0.01781761,0
0.00031738772,0
0.0049634553,0
0.36350968,0
0.0003204354,0
0.24519579,0
0.0018665156,0
0.01607883,0
0.02355069,0
0.09443832,0
0.37192047,0
0.0019054989,0
0.07702381,0
0.04822759,0
0.0024389569,0
0.0030845015,0
0.24152227,0
0.028100021,0
0.018486502,0
0.030558245,0
0.2534442,0
0.89138013,0
0.39553067,0
0.03292942,0
0.9808497,1
0.0129955,0
0.42351675,0
0.31479105,0
0.6500266,1
0.036181025,1
0.952003,1
0.0097746225,0
0.09874154,0
0.029900176,0
0.18083687,1
0.01638899,0
0.00017951806,0
0.1049185,0
0.5061296,0
0.04375379,0
0.9990706,1
8.364714e-05,0
0.042630013,0
0.2985718,0
0.0006643717,0
0.015786702,0
0.023642443,0
0.12706243,0
0.052455235,0
0.80051523,1
0.06090644,0
0.014894555,0
0.027570298,0
0.8590203,1
0.017705357,0
0.065372966,0
0.050279845,0
0.00037666896,0
0.5740595,0
0.0141467,0
0.09835986,0
0.98715043,1
0.010362004,0
0.06233831,0
0.030128619,0
0.59780717,1
0.0014360148,0
0.39858952,1
0.5157144,0
0.107803844,0
0.0009974084,0
0.5445758,0
0.68145484,1
0.55684763,0
0.51590896,0
0.31823885,0
0.034501456,0
0.026458522,0
0.4404337,0
0.19119398,1
0.0008468125,0
0.23313718,1
0.9874358,1
0.0035151776,0
0.14054291,0
0.22965844,1
0.037853938,0
0.007868309,0
0.0065946593,0
0.6758694,0
0.6330034,1
0.0069001676,0
0.0036242108,0
0.11876791,0
0.9848731,1
0.23012264,0
0.17847417,0
0.30361968,0
0.0058205607,0
0.20318063,0
0.016163167,0
0.00786041,0
0.051414955,0
0.9899412,1
0.9943836,1
0.015442717,0
0.0004726354,0
0.11187836,1
0.10297788,1
0.009639928,0
0.79630566,1
0.00077576394,0
0.50737256,0
0.75445014,0
0.07688237,0
0.23594807,0
0.008535719,0
0.11874672,0
0.00033348668,0
0.00036449032,0
0.017375395,0
0.016287511,0
0.65899944,1
0.11221313,0
0.017258557,0
0.53071517,0
0.67539334,1
0.26933703,0
0.004337528,0
0.49041882,0
0.46411288,0
0.59102476,0
0.53308296,0
0.029120302,0
0.015939595,0
0.07066397,0
0.044072356,0
0.02524928,0
0.72060615,1
0.080697805,0
0.6934189,1
0.018848116,0
0.36213097,1
0.0155956475,0
0.0029012368,0
0.120631896,0
0.0004782715,0
0.006511783,0
0.008873058,0
0.014375281,0
0.13129643,1
0.0005770238,0
0.083742835,0
0.0073302346,0
0.004707137,0
0.33874428,0
0.23938048,0
0.36843267,0
0.0065044365,0
0.0027746614,0
0.0060781934,0
0.008745273,0
0.01700639,0
0.076564,0
0.17011075,0
0.05484429,0
0.013939592,0
0.9966468,1
0.5385227,1
0.5463373,1
0.444762,0
0.007584506,0
0.14874728,0
0.0057474016,0
0.0030083146,0
0.495634,1
0.0020255214,0
0.7180136,1
0.06022197,0
0.17589049,0
0.024896078,0
0.009105648,0
0.010246324,0
0.22754388,0
0.9873564,1
0.028672216,0
0.2951972,0
0.51228863,0
0.99155694,1
0.0015342362,0
0.99642843,1
0.11162544,0
0.4496628,0
0.00069953914,0
0.8488869,1
0.048068,0
0.065742224,0
0.94511765,1
0.3029409,0
0.00056181895,0
0.00035787976,0
0.022844916,0
0.6389063,1
0.0035602294,0
0.0010395091,0
0.69747543,1
0.22864707,0
0.47548643,1
0.0841485,0
0.004898007,0
0.7447168,1
0.09709508,1
0.010114339,0
0.017809968,0
0.029133415,0
0.037487518,0
0.029441806,0
0.47466132,0
0.02362948,0
0.9976936,1
0.57633317,1
0.07390738,0
0.19943671,0
0.48430857,0
0.20873837,0
0.013018192,0
0.99722725,1
0.012514219,0
0.0018969517,0
0.0044785626,0
0.010970551,0
0.14011945,0
0.5305575,0
0.012280024,0
0.3849087,0
0.8117154,1
0.12039494,0
0.2267884,0
0.21357143,0
0.0027839614,0
0.50297856,0
0.0019259388,0
0.23090442,1
0.09226292,0
0.009209131,0
0.4025379,0
0.006043574,0
0.7881193,0
0.00027016833,0
0.52427006,1
0.00080633024,0
0.23646022,1
0.003389592,0
0.00035470692,0
0.34860572,1
0.09500438,0
0.17111444,0
0.46669474,0
0.0029330477,0
0.0038935815,0
0.034786873,0
0.6014473,1
0.5506294,1
0.0005727717,0
0.016135687,0
0.7352306,1
0.3526108,0
0.0063991114,0
0.0057373717,0
0.16935606,0
0.016979793,0
0.20571463,0
0.011752921,0
0.99167293,1
0.00043434452,0
0.38146433,1
0.9977686,1
0.005206836,0
0.08102949,0
0.12916782,1
0.954467,1
0.017871238,0
0.6266346,1
0.053566415,0
0.20390898,0
0.37951437,0
0.9586077,1
0.6852158,1
0.019929115,0
0.0011208641,0
0.00518892,0
0.00010555602,0
0.0003120923,0
0.5894449,1
0.011620554,0
0.40464485,1
0.4170899,0
0.0012638759,0
0.0023792316,0
0.96934336,1
0.012883811,0
0.056865204,1
0.28943723,0
0.008520225,0
0.99727243,1
0.0010598435,0
0.0014441754,0
0.0023414465,0
0.66265666,1
0.026625076,0
0.48046172,1
0.3716974,1
0.014779027,0
0.004869961,0
0.003259252,0
0.082882516,0
0.00287266,0
0.069174185,0
0.0002671296,0
0.9981067,1
0.6279431,0
0.0007394373,0
0.024261838,0
0.0004383482,0
0.15417929,0
0.0037398075,0
0.45609793,1
0.83172846,1
0.042188898,0
0.47093877,1
0.85733384,1
0.15717402,0
0.06261125,0
0.123405136,0
0.011569186,0
0.008491688,0
0.17219572,0
0.20229322,0
0.021012736,0
0.8287857,1
0.0009645251,0
0.11641147,0
0.5916042,0
0.0005425872,0
0.016018337,0
0.99748963,1
0.012136217,0
0.7912639,0
0.015862651,0
0.0019145445,0
0.89509076,1
0.99889874,1
0.04107297,0
0.0011458746,0
0.030612126,0
0.99517065,1
0.0015804976,0
0.56829536,1
0.20718215,0
0.84043247,0
0.0119745685,0
0.013115319,0
0.17222913,1
0.015182053,0
0.0022230737,0
0.09205035,0
0.08024624,0
0.021666666,0
0.004491923,0
0.21081616,0
0.004990619,0
0.011809248,0
0.31697172,0
0.36220023,0
0.098605484,0
0.99483705,1
0.046997573,0
0.5875673,0
0.9994547,1
0.020496603,0
0.75676364,0
0.00038535797,0
0.00013323541,0
0.0005628861,0
0.0066727675,0
0.016017443,0
0.13949583,0
0.015488088,0
0.018603107,0
0.27532262,0
0.0005539002,0
0.08640057,0
0.122225545,0
0.023690805,0
0.732887,1
0.0011481761,0
0.00067290926,0
0.003934153,0
0.061719563,0
0.30425775,1
0.0026506495,0
0.45615426,0
0.4229963,0
0.31733775,0
0.12166997,0
0.09601796,0
0.07109629,0
0.00056840817,0
0.20353605,0
0.29806986,0
0.8776388,1
0.0015454605,0
0.45890942,0
0.0011119869,0
0.0024553419,0
0.028082734,0
0.15016092,0
0.00038078483,0
0.0292517,0
0.010876776,0
0.06086399,0
0.19312418,0
0.99835277,1
0.0005009073,0
0.32387972,0
0.062014002,1
0.9993842,1
0.5340254,0
0.9968923,1
0.42545018,1
0.77014494,1
0.0049029393,0
0.5833841,1
0.018386863,0
0.003035661,0
0.89969987,1
0.50644594,0
0.0045531583,0
0.0012903227,0
0.5360255,0
0.4832782,1
0.0016017383,0
0.34494117,0
0.62019837,1
0.72732997,1
0.11122473,0
0.00045650513,0
0.004433578,0
0.52688265,1
0.78133297,1
0.14616378,0
0.062380273,0
0.9618929,1
0.7225507,1
0.8397332,1
0.07458252,0
0.07304803,0
0.04483168,0
0.91990465,1
0.01207094,0
0.020748854,0
0.005617471,0
0.21672338,0
0.0047535417,0
0.014863431,0
0.0112944245,0
0.81457996,1
0.0014146314,0
0.002073928,0
0.0044812527,0
0.010245942,0
0.37629756,0
0.00053879694,0
0.059138816,0
0.16118968,0
0.0040646056,0
0.18174559,0
0.5819498,1
0.997389,1
0.6473111,1
0.7798775,1
0.00039918194,0
0.009980667,0
0.254373,0
0.9996371,1
0.046641957,0
0.36597487,1
0.22068767,0
0.5160004,0
0.022305166,0
0.19280547,0
0.37263975,0
0.01607325,0
0.025640788,0
0.001237496,0
0.7844217,0
0.9986473,1
0.54053676,1
0.010085401,0
0.077436425,1
0.017361302,0
0.01569522,0
0.5176461,1
0.1060637,0
0.0290995,0
0.020470323,0
0.2286642,0
0.004989381,0
0.7995252,1
0.34396324,0
0.012671349,0
0.35459742,0
0.011833566,0
0.25682962,0
0.9876395,1
0.093135886,0
0.122903325,0
0.031330615,0
0.0025084598,0
0.35871422,0
0.96113944,1
0.8152745,1
0.08843308,0
0.42351,1
0.0072288443,0
0.1812648,0
0.15312006,0
0.021779088,0
0.0011510722,0
0.00046553824,0
0.9821634,1
0.044967007,0
0.0092371795,0
0.86175245,1
0.0005671256,0
0.060972903,0
0.0072415234,0
0.009018221,0
0.030169422,0
0.98135906,1
0.6067767,0
0.0005123297,0
0.037840866,0
0.72876436,1
0.0003571846,0
0.8259759,1
0.19008823,0
0.022864945,0
0.8970097,1
0.2069465,0
0.002073132,0
0.002839069,0
0.0025662235,0
0.14591697,0
0.615731,0
0.045003634,0
0.998051,1
0.70654464,1
0.004166068,0
0.32061413,1
0.7154924,0
0.0040094284,0
0.83266765,1
0.16315715,0
0.56255955,1
0.6474752,0
0.005230933,0
0.10868513,1
0.5405113,0
0.42130876,0
0.32189444,0
0.010309663,0
0.60933274,1
0.00022580633,0
0.6173593,1
0.7487988,1
0.022256946,0
0.41962266,0
0.0025123705,0
0.90767175,1
0.013103285,0
0.038586248,0
0.2404026,1
0.7427929,1
0.0016594012,0
0.60041875,0
0.24469821,0
0.04692945,0
0.0603283,0
0.0025037301,0
0.013546611,0
0.0010730635,0
0.033214886,0
0.27291617,1
0.9974764,1
0.070032,0
0.0004246455,0
0.004926663,0
0.61103326,0
0.7615921,1
0.6372643,1
0.25197762,0
0.14169747,0
0.0062901317,0
0.40086982,0
0.00032104147,0
0.0048889075,0
0.046666484,0
0.007465701,0
0.14021522,0
0.4244305,1
0.030954937,0
0.7627645,1
0.009579429,0
0.003958858,0
0.03151434,0
0.00031768502,0
0.13519022,0
0.23503022,0
0.9981646,1
0.0004209003,0
0.049975205,0
0.019049825,0
0.0003073288,0
0.004392009,0
0.987433,1
0.16926648,0
0.002508209,0
0.000299461,0
0.17304702,0
0.38692728,0
0.08821794,0
0.0009782154,0
0.4470819,0
0.00037365453,0
0.37263712,0
0.4436976,1
0.4597081,1
0.48486146,0
0.070135005,0
0.016866384,0
0.0058917576,0
0.37130395,0
0.015131489,0
0.017501192,0
0.004878294,0
0.0049525285,0
0.041069966,0
0.044104505,0
0.019895924,0
0.0061066137,0
0.6708819,1
0.044938866,0
0.01802715,0
0.011206041,0
0.026641456,0
0.021267233,0
0.0033626326,0
0.03253942,1
0.17423363,1
0.8779461,1
0.005527778,0
0.32233062,0
0.37745187,0
0.014398006,0
0.012010671,0
0.65934235,1
0.4071571,1
0.014775666,0
0.1950001,1
0.0058643394,0
0.0003907944,0
0.00035120986,0
0.06542385,0
0.024496192,0
0.25707796,1
0.08471638,0
0.63426167,1
0.00038896207,0
0.9961272,1
0.0071041663,0
0.015456746,0
0.23868029,0
0.9992036,1
0.19515218,1
0.008911085,0
0.002067605,0
0.013096546,0
0.17759944,0
0.0069055385,0
0.018775873,0
0.095918395,0
0.36304387,1
0.9895684,1
0.57013863,1
0.21806352,0
0.59486467,1
0.24291189,0
0.018855665,0
0.05298705,0
0.012153585,0
0.06038409,0
0.45636532,1
0.0024147101,0
0.10692384,0
0.00033518582,0
0.1578297,0
0.0042486964,0
0.06296553,0
0.8531379,0
0.9985104,1
0.064083934,0
0.5842717,1
0.0035143157,0
0.008092367,0
0.0005094296,0
0.05561151,0
0.84296113,0
0.0020957731,0
0.14231828,0
0.010215961,0
0.02690448,0
0.5772564,0
0.8082163,1
0.003966816,0
0.3189804,0
0.98360234,1
0.019650875,0
0.40622362,0
0.005046197,0
0.3425285,1
0.024790188,0
0.02740197,0
0.06731804,0
0.9962578,1
0.011085744,0
0.08780674,0
0.0020209441,0
0.0074612782,0
0.010553512,0
0.030256962,0
0.0002561124,0
0.13839355,0
0.054982822,0
0.010471567,0
0.0004416003,0
0.0033990424,0
0.22561271,0
0.12098237,0
0.8741455,0
0.0008973206,0
0.15347195,0
0.1078864,0
0.00092304434,0
0.36300316,0
0.024183163,0
0.0036829626,0
0.57103556,1
0.17151783,0
0.6907881,0
0.17468385,1
0.0005933809,0
0.48175085,0
0.0003046162,0
0.0023844729,0
0.0366968,0
0.32894138,1
0.23743807,0
0.0407742,0
0.004327362,0
0.032615438,0
0.0032073976,0
0.00035134042,0
0.041767295,1
0.028084159,0
0.43581113,0
0.024033943,0
0.7392085,1
0.06526423,0
0.26567018,0
0.004520595,0
0.99892044,1
0.026698155,0
0.0013074899,0
0.00055202306,0
0.0011240253,0
0.77598715,1
0.013622123,0
0.4891182,1
0.88002616,0
0.021455133,0
0.0002574572,0
0.061173175,0
0.00246836,0
0.025196785,0
0.17735238,0
0.00032823047,0
0.62830865,1
0.94799393,0
0.0047180224,0
0.4442316,1
0.4404337,1
0.004979214,0
0.0039787083,0
0.88240147,1
0.009359081,0
0.0094846245,0
0.13718441,1
0.37779096,0
0.1980135,1
0.86968106,1
0.3247358,0
0.027154231,0
0.0017638215,0
0.006348787,0
0.00041386412,0
0.44379854,0
0.005163972,0
0.010887739,0
0.25534284,0
0.047154453,0
0.4579308,0
0.9605538,1
0.01059379,0
0.006262815,0
0.00017706207,0
0.010540527,0
0.28094143,0
0.7188926,1
0.00069247273,0
0.90973204,1
0.9995025,1
0.99917847,1
0.4385592,0
0.016654665,0
0.025246033,0
0.009324123,0
0.3300439,0
0.021454772,0
0.31931403,1
0.04280654,0
0.99874896,1
0.6141017,0
0.39346656,0
0.89106303,0
0.15653074,0
0.0016040587,0
0.43891498,1
0.004930627,0
0.074715964,1
0.01764291,0
0.08986837,0
0.0020769264,0
0.0024276322,0
0.27521014,0
0.32180563,1
0.6677809,0
0.05105136,0
0.0051013525,0
0.994358,1
0.011240967,0
0.0049242065,0
0.00018682638,0
0.45440397,0
0.0072423294,0
0.00835688,0
0.36768964,0
0.19652623,0
0.006938352,0
0.6767695,1
0.5037724,0
0.47531247,1
0.7592058,1
0.9484196,1
0.003511702,0
0.0032093113,0
0.005742572,0
0.07927098,0
0.6152069,0
0.17095657,0
0.61876965,0
0.10608497,1
0.6820157,0
0.009268189,0
0.020879174,0
0.6383512,0
0.0029635245,0
0.26348412,1
0.007409166,0
0.7201031,0
0.6473489,0
0.5230912,1
0.6300765,0
0.8872311,1
0.26387832,0
0.5972906,0
0.0059833354,0
0.21534137,0
0.0010061887,0
0.60403085,0
0.017932976,0
0.042681158,0
0.049125317,0
0.0072412738,0
0.7456824,1
0.06771879,0
0.082699746,0
0.018554347,0
0.27400464,0
0.0062018596,0
0.0021954754,0
0.14021522,0
6.0418475e-05,0
0.99549073,1
0.873852,1
0.0004140419,0
0.00062037027,0
0.12695317,0
0.38442954,1
0.010240527,0
0.027691863,0
0.12997736,0
0.6788884,1
0.12937237,0
0.012474629,0
0.9931793,1
0.078114055,0
0.007113652,0
0.24593596,0
0.0074056215,0
0.006934595,0
0.8554826,1
0.008694485,0
0.025653878,0
0.020046003,0
0.3644289,0
0.070585884,0
0.005978882,0
0.08225785,0
0.0081838025,0
0.82615143,0
0.0032659713,0
0.00093785644,0
0.017656732,0
0.0035495665,0
0.012868665,0
0.07363778,0
0.00041493805,0
0.50602597,1
0.27286664,0
0.02997399,0
0.22675936,1
0.36788496,0
0.08431545,0
0.004846615,0
0.015877234,0
0.0057917368,0
0.6472843,1
0.028602624,0
0.5667961,1
0.000301139,0
0.016233936,0
0.0006749195,0
0.029259184,0
0.53854406,1
0.00031331612,0
0.9954178,1
0.00073175266,0
0.020786254,0
0.0024399918,0
0.99694794,1
0.9938314,0
0.016584154,0
0.0020452559,0
0.7411526,0
0.010159622,0
0.99837685,1
0.012628623,0
0.16381308,0
0.04343931,0
0.018454956,0
0.29049855,0
0.009643621,0
0.012642651,0
0.004672781,0
0.099433996,0
0.39189234,1
0.8707879,1
0.004914081,0
0.01715338,0
0.90326697,0
0.19770135,0
0.0029887666,0
0.58906424,1
0.23921438,0
0.011511077,0
0.45730528,0
0.0029488348,0
0.9859955,1
0.6144543,1
0.26055902,0
0.00067197875,0
0.21771856,0
0.35636088,1
0.0507421,0
0.110187896,1
0.21689714,1
0.0002708358,0
0.0956586,0
0.01070264,0
0.9662083,1
0.044060286,0
0.007950358,0
0.8616299,1
0.011439711,0
0.00055062183,0
0.45370653,1
0.089684315,0
0.022621466,0
0.30340388,0
0.004047105,0
0.0016517445,0
0.31646517,0
0.4541804,1
0.0015789751,0
0.14116383,1
0.61538094,1
0.00038857883,0
0.0007139657,0
0.21557747,0
0.99770075,1
0.3140968,0
0.07689728,0
0.017002124,0
0.008976033,0
0.00037907204,0
0.04091447,0
0.589521,1
0.0061341953,0
0.85247344,0
0.026882803,0
0.0007633629,0
0.0038257085,0
0.82936746,1
0.0059430995,0
0.6877155,1
0.8846095,0
0.0036263254,0
0.86665225,1
0.050483692,0
0.008897581,0
0.17004235,0
0.0014550858,0
0.011982791,0
0.106663875,1
0.10286968,0
0.83102727,1
0.026347553,0
0.001809962,0
0.9825585,1
0.009927655,0
0.032786988,0
0.0014049519,0
0.9993544,1
0.0005603771,0
0.005257674,0
0.50642216,1
0.046742335,0
0.06523044,0
0.025885904,0
0.24608903,1
0.9990484,1
0.44481543,1
0.39183578,0
0.0004760249,0
0.10298544,0
0.014868859,0
0.6500597,1
0.6674983,0
0.12807904,0
0.1048009,0
0.78259903,1
0.18041237,0
0.997104,1
0.011627161,0
0.5430115,1
0.5922248,1
0.14915115,0
0.044459682,0
0.8799818,1
0.98785096,1
0.85326594,1
0.99876624,1
0.017864518,1
0.004607094,0
0.79124594,1
0.9970079,1
0.018480135,0
0.00037273168,0
0.03368965,0
0.21211784,1
0.007956118,0
0.75471085,1
0.0030098928,0
0.9995478,1
0.9841564,1
0.18830569,0
0.012523231,0
0.036170848,0
0.012874487,0
0.295459,0
0.21897875,0
0.0009332782,0
0.00928743,0
0.002870574,0
0.0005588593,0
0.1763042,1
0.051704448,0
0.0054604732,0
0.27237734,0
0.067818046,0
0.87852126,1
0.013230956,0
0.006564069,0
0.021091476,0
0.7047488,0
0.73635274,1
8.236549e-05,0
0.08281036,0
0.79574233,1
0.0049642986,0
0.5376858,1
0.08411384,0
0.81807774,1
0.28130794,0
0.011767817,0
0.039165065,0
0.030697765,0
0.24936242,0
0.61494404,1
0.72640496,0
0.4557356,0
0.7383339,1
0.7381641,0
0.0047091814,0
0.00045936613,0
0.05623964,0
0.009242173,0
0.25164342,0
0.055337604,0
0.0045666536,0
0.23110978,1
0.01879561,0
0.33944735,1
0.0003453699,0
0.00035254008,0
0.017008726,0
0.001613801,0
0.013873762,0
0.34238663,1
0.6033569,0
0.27380437,0
0.0066562383,0
0.21872719,0
0.22710352,0
0.99783033,1
0.18184322,0
0.0021012963,0
0.0027874783,0
0.58770233,1
0.018216588,0
0.52309823,1
0.36640036,0
0.9974964,1
0.22664042,0
0.00045881871,0
0.042479336,0
0.37456584,0
0.04299037,0
0.015874865,0
0.046568125,0
0.98917896,1
0.11134555,0
0.34511244,1
0.026794644,0
0.0009796396,0
0.03318191,0
0.006531009,0
0.032121003,0
0.3128965,0
0.00034312985,0
0.003216258,0
0.15200543,0
0.00063353375,0
0.0024080982,0
0.06838745,0
0.0015406545,0
0.13230722,0
0.001916855,0
0.99304634,1
0.020531235,0
0.6432051,1
0.00046238885,0
0.03581269,0
0.21692182,1
0.14018376,0
0.01466249,0
0.45379305,1
0.00235604,0
0.00037830614,0
0.006204499,0
0.034967054,0
0.017788146,0
0.99757725,1
0.7360701,1
0.00868166,0
0.035796147,0
0.6066061,0
0.0039059771,0
0.0052491967,0
0.0053908615,0
0.3167633,0
0.080370806,0
0.009131482,0
0.0042476514,0
0.56207484,1
0.037313174,0
0.9399436,1
0.040953167,0
0.46231747,0
0.7771781,1
0.021580962,0
0.042717714,0
0.0054201786,0
0.041082285,1
0.96626306,1
0.0002969755,0
0.0045657083,0
0.014259946,0
0.010008891,0
0.312864,0
0.26617682,1
0.012450327,0
0.5426917,0
0.09326237,0
0.24240132,1
0.8778561,0
0.01591438,0
0.010270448,0
0.0003087546,0
0.20816809,0
0.00040735598,0
0.011300038,0
0.17985147,0
0.0008792878,0
0.023189314,0
0.5223066,1
0.1407117,0
0.7375142,1
0.005789848,0
0.9991184,1
0.005852476,0
0.034523644,0
0.019024642,0
0.38537037,0
0.016906882,0
0.5146437,1
0.036721703,0
0.28935724,1
0.032476146,0
0.45956048,1
0.027540708,0
0.0025249154,0
0.45788836,0
0.43855655,1
0.054035436,0
0.0008481943,0
0.005746205,0
0.00063013413,0
0.0013370035,0
0.0064343396,0
0.059674133,0
0.94026566,1
0.010602083,0
0.16110145,0
0.3808749,1
0.0058551743,0
0.14448017,0
0.0127615,1
0.17987557,0
0.06646791,0
0.0005122232,0
0.10895217,0
0.0020356847,0
0.9972523,1
0.7468923,0
0.0054284777,0
0.035177223,0
0.45831832,1
0.7333832,1
0.0200953,0
0.08512636,0
0.14508924,0
0.008499476,0
0.3953258,0
0.02618447,0
0.27017727,1
0.0035599128,0
0.0011567837,0
0.0028922104,0
0.18174535,0
0.004330731,0
0.76800776,0
0.00031371217,0
0.08374939,1
0.00031345923,0
0.41511264,1
0.7901583,1
0.042136926,1
0.009770281,0
0.0034169771,0
0.002415265,0
0.28581724,0
0.37905952,0
0.035518292,1
0.23599242,0
0.94779754,1
0.0336938,0
0.03750739,0
0.009281394,0
0.015026853,0
0.9976875,1
0.34438762,0
0.01707504,0
0.00063443225,0
0.45483914,0
0.16174512,0
0.02275681,0
0.026461476,0
0.22381954,1
0.67472154,1
0.84821814,1
0.62421405,1
0.020708835,0
0.12967402,0
0.0002955074,0
0.0033890859,0
0.001762784,0
0.9986457,1
0.030131266,0
0.023093427,0
0.0040451353,0
0.35673365,1
0.85343075,1
0.46493292,1
0.01505584,0
0.6498284,0
0.052148055,0
0.016003305,0
0.023837043,0
0.1310169,0
0.01201002,0
0.6022408,1
0.9931478,1
0.9995943,1
0.2264797,1
0.16547379,0
0.0005706463,0
0.990805,1
0.03145497,0
0.023115331,0
0.061554532,0
0.34039637,0
0.8917101,1
0.00033015336,0
0.84397095,1
0.00067792163,0
0.0042224512,0
0.029725576,0
0.6590036,1
0.3810297,1
0.10501393,0
0.037836585,0
0.0054717236,0
0.072717704,0
0.9790259,1
0.06943015,0
0.05649377,0
0.33615676,0
0.38459495,0
0.24582501,0
0.029351914,0
0.00075282826,0
0.0092983525,0
0.33629298,0
0.0038388025,0
0.46826658,1
0.0015480304,0
0.4613448,0
0.6819132,1
0.4041688,0
0.014798493,0
0.2017988,0
0.16998498,0
0.36965254,1
0.823127,1
0.006260222,0
0.00049481425,0
0.00042713888,0
0.022344476,0
0.03571701,0
0.03700933,0
0.0071681724,0
0.025379242,0
0.14755198,0
0.19262369,0
0.032552715,0
0.35829148,1
0.20870028,1
0.135001,0
0.0032412093,0
0.029719278,0
0.3478162,1
0.055814307,0
0.0028742412,0
0.0027724102,0
0.032791693,0
0.51417655,0
0.0024252154,0
0.032310165,0
0.31749612,1
0.19196258,1
0.010081232,0
0.027886547,0
0.0005292928,0
0.01128644,0
0.012590284,0
0.5063298,1
0.0030177084,0
0.86469173,0
0.22944818,1
0.010539058,0
0.047204416,0
0.05377086,0
0.026283005,0
0.0022761533,0
0.0018060998,0
0.99877006,1
0.008446893,0
0.0046391366,0
0.0054176836,0
0.7417908,1
0.002654921,0
0.00026533272,0
0.3101391,0
0.03992418,0
0.024910761,0
0.00582617,0
0.4896241,1
0.00023130832,0
0.012121866,0
0.00527894,0
0.39437303,0
0.4817811,0
0.034167506,0
0.03175434,0
0.5856017,1
0.013125248,0
0.0024880664,0
0.00037980053,0
0.03242995,0
0.8514374,1
0.00046842874,0
0.00039128904,0
0.013254192,0
0.011133131,0
0.41694307,0
0.65380925,1
0.01580347,0
0.004780206,0
0.38210574,1
0.00032289024,0
0.010559862,0
0.021330798,0
0.34757164,1
0.33932164,0
0.007691275,0
0.12331254,0
0.022593552,0
0.08954079,0
0.28149983,1
0.9989298,1
0.0026120935,0
0.21665852,1
0.61774665,1
0.2527828,0
0.5427644,0
0.00035640446,0
0.16924058,0
0.0029691688,0
0.00063184235,0
0.0044080014,0
0.80853534,1
0.0119805895,0
6.8729765e-05,0
0.75194174,0
0.0004352325,0
0.06197502,0
0.00051154307,0
0.027882196,0
0.027524905,0
0.5346115,0
0.12924345,0
0.0053730905,0
0.048879143,1
0.063381925,0
0.74971443,0
0.022152884,0
0.99539906,1
0.016327847,0
0.3032278,0
0.061145637,0
0.707329,1
0.8646845,1
0.018857857,1
0.0047834693,0
0.038866438,0
0.011345913,0
0.31116748,0
0.0033677872,0
0.008213312,0
0.30232993,1
0.00045211927,0
0.015662178,0
0.010875606,0
0.04718231,0
0.98479337,1
0.26487848,0
0.082650244,0
0.4127411,1
0.0007585536,0
0.11142141,0
0.6288112,1
0.002333326,0
0.07499976,0
0.3583063,1
0.0011150775,0
0.07169429,0
0.003752967,0
0.0065509756,0
0.002155169,0
0.31458163,0
0.65333,0
0.009950267,0
0.16153127,0
0.4122211,0
0.009439793,0
0.10493817,1
0.22458299,0
0.5337185,1
0.119875155,0
0.53851855,1
0.17215876,0
0.114087604,0
0.5530127,0
0.5226857,0
0.6259211,0
0.6364953,0
0.13847435,0
0.108958356,1
0.0003103536,0
0.00050242007,0
0.0020603498,0
0.99749774,1
0.07806969,0
0.3330425,1
0.0006687453,0
0.0027041028,0
0.017288944,0
0.00897217,0
0.008523246,0
0.4909682,1
0.0012792642,0
0.008368847,0
0.00025933573,0
0.0488651,0
0.004485477,0
0.34706977,0
0.96980876,1
0.1539463,1
0.0043650134,0
0.072639145,0
0.6888835,0
0.04807948,0
0.02183676,0
0.058458462,0
0.1217092,1
0.0020213942,0
0.006014652,0
0.024542397,0
0.6358932,1
0.007876233,0
0.055174824,0
0.05450866,0
0.18914779,0
0.03133252,0
0.43744966,0
0.005920446,0
0.023143938,0
0.45854473,1
0.3097577,0
0.47701752,0
0.73599607,1
0.12194264,0
0.01668167,0
0.040990077,0
0.00602465,0
0.0207663,0
0.06834446,0
0.12406232,0
0.58466893,1
0.8668403,1
0.23928912,1
0.05209239,0
0.00032212524,0
0.016637549,0
0.04091485,0
0.058090527,0
0.0006398573,0
0.14245567,1
0.002683459,0
0.17117186,1
0.29665154,0
0.014844857,0
0.13081704,1
0.0006286549,0
0.026238894,0
0.014973191,0
0.0047796024,0
0.00059975445,0
0.46287012,0
0.0003016657,0
0.105288655,0
0.04369146,0
0.45020545,0
0.28227106,1
0.13865496,1
0.00062628166,0
0.4589856,0
0.36533037,0
0.0036803738,0
0.0044747414,0
0.9774246,1
0.33976057,0
0.9709933,1
0.79626113,1
0.008952924,0
0.0003734115,0
0.19482999,0
0.00079435826,0
0.068430915,0
0.034479517,0
0.58328515,1
0.10173056,0
0.047343835,0
0.15097085,0
0.07597683,0
0.38779363,1
0.72851735,1
0.28278425,0
0.011870514,0
0.0016353872,0
0.050510783,1
0.7039744,1
0.18780284,0
0.54937494,0
0.13257983,0
0.0002590098,0
0.5764872,0
0.87306815,1
0.1658263,1
0.39416608,0
0.008529502,0
0.032565743,0
0.30352917,0
0.00047457303,0
0.45131993,0
0.04027163,0
0.39359036,1
0.88093716,0
0.03337303,0
0.12650491,0
0.0513057,0
0.35338268,0
0.27900484,0
0.008586074,0
0.11460393,0
0.0023025495,0
0.67937165,1
0.4785609,0
0.87946564,1
0.5311107,0
0.7144032,0
0.054102615,0
0.0017348957,0
0.043505475,0
0.00855393,0
0.10037883,1
0.748023,0
0.0016659611,0
0.08396662,0
0.17696233,0
0.34002635,0
0.33917806,1
0.0037694657,0
0.69610685,0
0.00016476148,0
0.009559101,0
0.8959704,1
0.0018217197,0
0.0031350532,0
0.3350464,0
0.09066099,0
0.092917405,0
0.0006139814,0
0.5135662,1
0.8534579,1
0.90657836,1
0.010034296,0
0.43063757,1
0.0021512418,0
0.07490064,0
0.008107672,0
0.425855,0
0.0029260737,0
0.7921632,1
0.020616915,0
0.03250252,0
0.004980731,0
0.7339241,1
0.017165234,0
0.00045571473,0
0.70926094,1
0.0003756328,0
0.0623889,0
0.05718265,0
0.9726488,1
0.63906246,1
0.014714104,0
0.42471537,0
0.13957368,0
0.019056452,0
0.00037966843,0
0.06980127,0
0.35827824,0
0.019800697,0
0.008483057,0
0.010104471,0
0.03965578,0
0.012744012,0
0.013201009,0
0.6096819,0
0.008942602,0
0.0027903828,0
0.9812935,1
0.18950982,1
0.22534645,0
0.050790448,0
0.00058134896,0
0.0013090776,0
0.99738497,1
0.008699883,0
0.59789586,0
0.18911542,0
0.018505294,0
0.048702788,0
0.0024034728,0
0.00011645168,0
0.003908802,0
0.7162807,1
0.0073571913,0
0.0010312623,0
0.60191435,0
0.014062648,0
0.9996969,1
0.44588557,0
0.0029951602,1
0.00024008095,0
0.0073435083,0
0.008719998,0
0.0032141337,0
0.069845915,0
0.056593377,0
0.07256612,0
0.107599474,0
0.25152642,0
0.3368089,1
0.004669533,0
0.00505495,0
0.46053234,0
0.19926798,0
0.0056788344,0
0.014357259,0
0.005674192,0
0.029171133,0
0.0004110985,0
0.012730233,0
0.0014694268,0
0.5429524,1
0.012933073,0
0.012116545,0
0.022648448,0
0.0035147488,0
0.9960847,1
0.08849714,0
0.21557747,1
0.0010898188,0
0.09055657,0
0.49042365,1
0.00034078362,0
0.04911231,0
0.003642481,0
0.05837372,0
0.9773615,1
0.0043426766,0
0.06640548,0
0.5932079,1
0.11198935,1
0.28645426,1
0.19147997,0
0.9854762,1
0.00068070483,0
0.00130799,0
0.006845592,0
0.013934198,0
0.044391587,0
0.40454754,1
0.99900275,1
0.3320275,1
0.65037125,1
0.0005410417,0
0.009750688,0
0.0022075074,0
0.0036649585,0
0.5988919,1
0.029549837,0
0.42356053,1
0.25479916,0
0.17852776,0
0.06788429,0
0.012579049,0
0.0059706517,0
0.0071977433,0
0.42050442,1
0.29435045,0
0.05987863,0
0.18182647,0
0.48681536,1
0.8162792,1
0.98561686,1
0.9982069,1
0.8040455,1
0.089468606,0
0.09785229,0
0.0123966215,0
0.25652114,1
0.17221637,0
0.41385365,1
0.2011807,1
0.98954684,1
0.97300285,1
0.018971615,0
0.3767813,0
0.51841056,1
0.29409134,1
0.169154,0
0.0015850737,0
0.03634666,0
0.015560768,0
0.33307168,0
0.00461418,0
0.17891164,0
0.63518256,1
0.51520735,1
0.016019637,0
0.60682994,1
0.011259616,0
0.006842355,0
0.0430671,0
0.765543,1
0.22219957,0
0.026942253,0
0.024752794,0
0.001995175,0
0.6990359,0
0.0033805363,0
0.8485915,1
0.9539837,1
0.041520778,0
0.0042395717,0
0.0019392697,0
0.066527456,1
0.48988017,0
0.009794364,0
0.51476914,1
0.0053988234,0
0.6813929,1
0.009559101,0
0.08380174,0
0.00034722345,0
0.71611744,0
0.29247925,1
0.0029389411,0
0.36300865,1
0.29937392,1
0.67585087,1
0.99869776,1
0.6136867,0
0.746165,1
0.25020078,0
0.1464709,0
0.026149958,0
0.011108181,0
0.062223632,0
0.13763656,0
0.02173441,0
0.008710162,0
0.19456418,0
0.015647562,1
8.044454e-05,0
0.32508954,0
0.0024209402,0
0.050626617,0
0.0005800331,0
0.6306105,0
0.80308837,1
0.025116434,0
0.009155034,0
0.013609956,0
0.015081522,0
0.109730296,0
0.28395882,1
0.01077572,0
0.991831,1
0.079238795,0
0.61526036,1
0.04327889,0
0.14944156,0
0.09738642,0
0.9029929,1
0.00034146736,0
0.9187396,1
0.005007359,0
0.0068111983,0
0.0004523514,0
0.0008044159,0
0.19645785,0
0.0028932763,0
0.11494609,1
0.00422202,0
0.4072074,0
0.25642493,0
0.0003136577,0
0.00017168758,0
0.6407938,1
0.16322425,0
0.9688135,1
0.47305977,1
0.01256286,0
0.10607728,0
0.9439408,1
0.3119896,1
0.19107495,0
0.6644632,1
0.022638613,0
0.008061747,0
0.2963952,0
0.014282566,0
0.6944596,1
0.00032223735,0
0.00075051025,0
0.24936242,0
0.99278075,1
0.0003221151,0
0.015415725,0
0.19540046,0
0.21202599,0
0.22112064,0
0.99946374,1
0.025137777,0
0.00026862932,0
0.030750578,0
0.26059434,0
0.3594209,0
0.0017418043,0
0.61811334,1
0.6053013,0
0.0005870241,0
0.0065750726,0
0.789069,1
0.07716775,0
0.8761557,1
0.51577914,1
0.6379976,0
0.0057953293,0
0.011324364,0
0.35165957,0
0.3594277,0
0.14157043,1
0.011311318,0
0.05892058,0
0.00066615734,0
0.802341,1
0.16530706,0
0.87964445,1
0.015438999,0
0.0019497279,0
0.6055778,1
0.016625803,0
0.008446042,0
0.00046291892,0
0.024973795,0
0.48014793,0
0.061363865,0
0.03675399,1
0.82560706,1
0.4859347,0
0.33353484,0
0.026245331,0
0.08350264,0
0.99583644,1
0.0060166907,0
0.17255116,0
0.9985874,1
0.030378623,0
0.9810403,1
0.5731096,0
0.27307355,1
0.012098454,0
0.15453354,0
0.20583193,0
0.042330846,0
0.5597169,0
0.004292822,0
0.17777453,0
0.7041696,0
0.1516259,0
0.27746594,0
0.02492523,0
0.00033849454,0
0.4481229,0
0.0035550147,0
0.1321088,0
0.08296057,0
0.0011778096,0
0.1560925,0
0.0005548357,0
0.0030182193,0
0.561497,0
0.1530168,0
0.92534953,1
0.032299574,0
0.46777263,1
0.33707497,0
0.008655537,0
0.011112482,0
0.08290401,0
0.20246309,0
0.0042949626,0
0.0017781706,0
0.18129921,0
0.06971041,0
0.67937165,1
0.13395442,1
0.69156855,1
0.14438613,0
0.46272716,1
0.0004308443,0
0.0030868556,0
0.008082935,0
0.16984986,0
0.70851475,1
0.005766408,0
0.3863417,0
0.6640074,0
0.045656543,0
0.0123561425,0
0.00025783846,0
0.04243009,0
0.014810192,0
0.19953267,0
0.43676147,1
0.99940777,1
0.36697593,0
0.041873153,0
0.010552709,0
0.15046453,1
0.00029571034,0
0.36844012,0
0.0003136577,0
0.9994013,1
0.0004849177,0
0.056367654,0
0.0036577622,0
0.09997361,0
0.58952886,0
0.4429107,1
0.10920104,0
0.066432975,0
0.015879529,0
0.9686106,1
0.0040340736,0
0.18404019,0
0.022560934,0
0.7134974,1
0.85216945,1
0.26174584,0
0.002952196,0
0.00045215676,0
0.9976356,1
0.0054374845,0
0.0025462722,0
0.3657882,0
0.001683074,0
0.023835858,0
0.2497117,1
0.14738952,0
0.006501624,0
0.7034772,0
0.012707061,0
0.000291209,0
0.37094274,1
0.008659547,0
0.039196614,0
0.9161218,1
0.00037163496,0
0.00052541256,0
0.02122809,0
0.09408077,0
0.3028412,0
0.03778029,0
0.002272442,0
0.9984506,1
0.0010281345,0
0.30321836,1
0.30270904,0
0.62274796,0
0.3182005,0
0.06338491,0
0.41046068,0
0.012774537,0
0.5638818,0
0.1974687,0
0.20114164,0
0.016247215,0
0.15217651,0
0.98931295,1
0.18104845,1
0.26207405,1
0.878809,1
0.0010904222,0
0.016646272,0
0.7361882,1
0.012896352,0
0.092198856,0
0.074844085,0
0.007741297,0
0.011345764,0
0.016095547,0
0.0005576443,0
0.054736476,0
0.08987915,0
0.007692429,0
0.024885667,0
0.024298893,0
0.008932756,0
0.47429195,1
0.68676025,0
0.8083883,1
0.046886895,0
0.08430288,1
0.45071277,0
0.031528793,0
0.03024009,0
0.14047217,0
0.33375666,1
0.014110594,0
0.39828816,0
0.12216131,0
0.010601789,0
0.9979313,1
0.057168435,0
0.836725,0
0.59448427,0
0.0034922445,0
0.020044887,0
0.025777025,0
0.010186846,0
0.010014086,0
0.00029750343,0
0.00043998926,0
0.4918063,0
0.9662526,1
0.0026939847,0
0.28822377,0
0.00024880588,0
0.032091692,0
0.8094809,1
0.8652856,1
0.0095439935,0
0.00040952163,0
0.07061472,0
0.38834533,1
0.010321185,0
0.3994386,0
0.003743281,0
0.23962629,0
0.06625964,1
0.34316698,0
0.4639012,1
0.0007641628,0
0.08504182,0
0.39608106,1
0.27969274,0
0.99757177,1
0.046273347,0
0.02687485,0
0.004798511,0
0.6410914,1
0.41075906,0
0.10452781,0
0.7404329,1
0.021435967,0
0.24181308,0
0.09822308,0
0.39119875,0
0.8991913,0
0.078040704,0
0.00925906,0
0.00025039483,0
0.2598958,1
0.95687914,1
0.5892286,1
0.11306894,0
0.8642247,1
0.9810276,1
0.99877816,1
0.03205157,0
0.13781293,0
0.019947493,0
0.04500051,0
0.000609062,0
0.04343946,0
0.13977167,1
0.0008052599,0
0.022161776,0
0.33048943,0
0.00065296266,0
0.16947718,0
0.8678015,1
0.3394259,0
0.10799902,0
0.99853927,1
0.38210574,0
0.35477766,1
0.018126711,0
0.02669456,0
0.1313439,0
0.12619528,0
0.16890281,0
0.021878624,0
0.51969844,1
0.006482497,0
0.40063658,0
0.82209235,1
0.9872536,1
0.0018760016,0
0.007581035,0
0.03132086,0
0.014931592,0
0.0081708,0
0.0011464925,0
0.00035332202,0
0.0006276919,0
0.3490404,0
0.013628301,0
0.86896974,1
0.38634312,0
0.17774813,0
0.09343926,1
0.067252725,0
0.77449155,1
0.5360506,0
0.97989684,1
0.09745636,0
0.019625308,0
0.0054978267,0
0.0078041493,0
0.00011427135,0
0.01405378,0
0.0020259868,0
0.08551172,0
0.24925303,1
0.043059707,0
0.3519189,1
0.38210574,1
0.017949358,0
0.61748666,1
0.1532266,0
0.045973882,0
0.00021467987,0
0.087917455,0
0.08401224,0
0.00036218672,0
0.04680669,0
0.08006331,0
0.0003041545,0
0.6745948,1
0.99903035,1
0.0024906134,0
0.978512,1
0.6448675,1
0.6130142,0
0.19910765,1
0.00029527282,0
0.17753129,0
0.039492078,0
0.04862583,0
0.1274037,0
0.21505278,0
0.009799249,0
0.010782645,0
0.6906436,1
0.009164148,0
0.00072349416,0
0.60167617,1
0.0045953314,0
0.99760866,1
0.15260535,0
0.16838056,0
0.3987523,0
0.013532587,0
0.00068661297,0
0.0007715488,0
0.9825594,1
0.26100343,1
0.9946893,1
0.020867283,0
0.97080976,1
0.00025770772,0
0.7503707,0
0.1728162,0
0.9988771,1
0.41580912,0
0.0009905508,0
0.00981865,0
0.39058086,1
0.024866952,0
0.06439342,0
0.07192199,0
0.006702108,0
0.0051852735,0
0.0011613313,0
0.20593019,1
0.6413011,1
0.028428257,0
0.3913013,0
0.42622277,0
0.32865483,0
0.008207217,0
0.68021274,0
0.99503654,1
0.003063759,0
0.0028252916,0
0.0013887355,0
0.93592024,1
0.16269444,0
0.07212404,0
0.069442,0
0.4543837,0
0.02170734,0
0.7513857,0
0.013796389,0
0.024496125,0
0.059803218,0
0.3178104,1
0.539495,0
0.24602866,0
0.07149255,0
0.0219396,0
0.004278763,0
0.0050205044,0
0.0002308078,0
0.024035906,0
0.014969428,0
0.9960556,1
0.60809207,0
0.61326206,0
0.030427346,0
0.13461517,0
0.0002765874,0
0.2753739,0
0.0007648024,0
0.39427257,0
0.22783011,0
0.99878913,1
0.8719382,1
0.0127281835,0
0.8042796,1
0.046572465,0
0.00056043797,0
0.030385884,0
0.7944143,1
0.032413475,1
0.3133662,1
0.021148706,0
0.2611094,1
0.4016705,1
0.998558,1
0.0018370304,0
0.0071705715,0
0.99751043,1
0.62420225,1
0.004735904,0
0.07108459,0
0.97228974,1
0.9982011,1
0.89246607,1
0.85755706,1
0.010389305,0
0.68806106,0
0.019421093,0
0.13269468,0
0.027072981,0
0.058027286,0
0.00048839266,0
0.7896888,1
0.122093715,0
0.6443322,0
0.016200652,0
0.0005267353,0
0.041554265,0
0.058930337,0
0.078248136,0
0.18644635,1
0.021209827,0
0.0010193032,0
0.3248985,1
0.0050931545,0
0.20763458,1
0.013883003,0
0.02931945,1
0.12142778,0
0.0072821113,0
0.9986394,1
0.00306978,0
0.2722092,0
0.040402424,0
0.03833532,0
0.16615139,0
0.15590379,1
0.0075235837,0
0.6422921,1
0.07810131,0
0.48558843,1
0.41200778,1
0.013923169,0
0.00047081814,0
0.085890986,0
0.99170333,1
0.16448309,0
0.18957603,0
0.013943064,0
0.0070979944,0
0.0125069255,0
0.29199708,0
0.007983587,0
0.013266838,0
0.41299567,0
0.2852536,0
0.36636344,0
0.009020395,0
0.046487805,0
0.062437195,0
0.010161228,0
0.0033714715,0
0.010920803,0
0.22698514,0
0.0008420407,0
0.99394816,1
0.00021274712,0
0.0038852328,0
0.5506178,0
0.05760273,0
0.14356643,0
0.2870068,0
0.1519878,0
0.009549589,0
0.66110617,1
0.3700528,0
0.0015342393,0
0.017759092,0
0.742934,1
0.00034214937,0
0.4228672,1
0.30096397,0
0.36607325,0
0.20249462,0
0.042052176,0
0.98903775,1
0.00083484635,0
0.9960032,1
0.5177625,1
0.4145799,1
0.24551912,0
0.29308143,0
0.6001806,1
0.33362266,0
0.86595684,1
0.010938813,0
0.97824234,1
0.3079905,1
0.009800705,0
0.045535296,0
0.010378044,0
0.025324883,0
0.06293599,0
0.015899071,0
0.0017709798,0
0.0017621028,0
0.998323,1
0.15579791,0
0.024401681,0
0.9994023,1
0.013030636,0
0.09319817,1
0.87040424,1
0.38841042,0
0.2583226,1
0.18486468,0
0.09312006,0
0.18443508,0
0.006285912,0
0.25741675,0
0.88328487,1
0.071510695,0
0.99684405,1
0.889649,0
0.015983192,0
0.65541226,1
0.0575408,0
0.007155078,0
0.08498808,0
0.012306911,0
0.07457922,0
0.7586453,1
0.04040796,1
0.80400085,1
0.028189996,0
0.33469787,0
0.0008052599,0
0.36953917,1
0.5329485,0
0.8262884,1
0.8271284,1
0.077583954,0
0.41088247,0
0.013301666,0
0.0003865088,0
0.0009966751,0
0.040860664,0
0.742265,0
0.57703984,0
0.00074984645,0
0.0050123814,0
0.37255514,1
0.009725187,0
0.00080033106,0
0.5075316,1
0.051817253,0
0.0073677576,0
0.019174872,0
0.01153108,0
0.24032421,1
0.524437,0
0.29489186,0
0.002134177,0
0.74962395,0
0.040304713,0
0.2245102,0
0.086907245,0
0.20345753,1
0.14808154,0
0.52068985,1
0.3381258,0
0.007498616,0
0.025604628,0
0.5566555,0
0.9011865,1
0.09834001,0
0.611291,0
0.0128489705,0
0.01624114,0
0.0018114134,0
0.01685368,0
0.42642578,0
0.042814787,0
0.03905205,0
0.22781615,1
0.7556767,1
0.2538765,1
0.006729013,0
0.52152646,0
0.16697538,0
0.70144016,1
0.002731085,0
0.10958418,0
0.10398435,1
0.39549294,0
0.0032028866,0
0.6700463,1
0.27734068,0
0.5097344,0
0.029738626,0
0.087761484,0
0.041584335,0
0.058313545,0
0.56944937,1
0.2710123,0
0.012468996,0
0.31904233,1
0.709027,1
0.010625568,0
0.059555564,0
0.013453414,0
0.022312434,0
0.0005953761,0
0.0067827995,0
0.32531622,1
0.41496444,0
0.7527616,1
0.0797587,0
0.0071323984,0
0.8062622,1
0.0012638759,0
0.22066677,0
0.06499781,0
0.2284658,0
0.022749057,0
0.283315,0
0.00917039,0
0.006286586,0
0.1662884,0
0.041690797,0
0.32684523,1
0.05917715,0
0.057557583,0
0.022353673,0
0.44628158,0
0.606959,0
0.035128392,0
0.30382138,0
0.6221781,0
0.0004250592,0
0.18751259,0
0.7368595,1
0.020130094,0
0.29474154,0
0.18943445,0
0.091671914,0
0.28054023,0
0.029549228,0
0.043399706,0
0.3658599,1
0.11528068,0
0.02594521,0
0.011011042,0
0.020011572,0
0.009901218,0
0.019359147,0
0.99218327,1
0.075338215,0
0.109724194,0
0.0048348056,0
0.0004994789,0
0.32950473,0
0.031562466,0
0.0003666332,0
0.018314358,0
0.5930676,1
0.0005074394,0
0.019820627,0
0.044466186,1
0.0030824582,0
0.00725822,0
0.9962202,1
0.07329543,0
0.04298222,0
0.022621349,0
0.035720214,0
0.0031890024,0
0.2968042,0
0.9682233,1
0.3252055,0
0.0033497724,0
0.008075169,0
0.7334449,1
0.10885701,0
0.2326713,1
0.7672033,0
0.03353191,0
0.6094649,1
0.5602714,0
0.003649174,0
0.14420098,0
0.99774283,1
0.48354408,0
0.83070356,1
0.24604462,0
0.00035928353,0
0.000509644,0
0.0015940428,0
0.018644813,0
0.18504982,1
0.012552295,0
0.727273,1
0.008687981,0
0.019807255,0
0.5066985,1
0.0039517963,0
0.99870855,1
0.9991534,1
0.0003580224,0
0.12592599,1
0.011546884,0
0.04334357,0
0.2101778,0
0.0057534887,0
0.7146855,0
0.24731718,0
0.41634384,0
0.09890715,0
0.54128075,0
0.5733618,0
0.61236715,0
0.0025953355,0
0.1821304,0
0.3856295,1
0.27507675,1
0.2507156,1
0.021417921,0
0.4475042,1
0.0042484966,0
0.37273142,0
0.033409353,0
0.037442632,0
0.3846809,0
0.3844327,0
0.0003928448,0
0.00030628018,0
0.099214636,0
0.00029489328,0
0.0054052747,0
0.052397937,0
0.12228259,0
8.716314e-05,0
0.042820454,0
0.11745485,0
0.0005003375,0
0.00048622038,0
0.08126386,1
0.6382604,0
0.017793294,0
0.17060848,0
0.40483204,0
0.050056193,0
0.053379375,0
0.085055046,0
0.0004993375,0
0.044084657,0
0.017154869,0
0.10473814,0
0.0017108349,0
0.021163879,0
0.6048257,1
0.0040396196,0
0.15353793,0
0.6157417,1
0.0004975299,0
0.28063118,0
0.04766954,0
0.30095804,0
0.0064762495,0
0.9700077,1
0.00794565,0
0.0007328225,0
0.0019051316,0
0.10822988,0
0.23823941,0
0.102614366,0
0.00055202306,0
0.9981193,1
0.107944556,0
0.39179564,0
0.9988951,1
0.036227822,0
0.36191872,0
0.00097581855,0
0.004987764,0
0.051264938,0
0.30825037,0
0.00891523,0
0.48039734,0
0.0075913495,0
0.0004209003,0
0.0008088108,0
0.0046340753,0
0.15489952,0
0.10162893,0
0.05762133,0
0.019933758,0
0.052940976,0
0.034312766,0
0.06912032,0
0.039398175,0
0.05112073,0
0.22683062,0
0.08170091,0
0.5080678,1
0.008050994,0
0.24979694,0
0.9841592,1
0.57104516,0
0.16502371,0
0.16499619,0
0.11467028,0
0.12414052,0
0.8777614,1
0.00035576406,0
0.31715232,0
0.019387227,0
0.18898422,0
0.007986419,0
0.067227595,0
0.18820919,0
0.08196926,0
0.028925193,0
0.6708904,0
0.0034353277,0
0.21289079,1
0.15393242,0
0.0021670896,0
0.031649288,0
0.073755376,0
0.7850409,0
0.6327575,1
0.006734006,0
0.008404723,0
0.023316773,0
0.09133648,0
0.0071067903,0
0.08576264,0
0.03297829,0
0.9820948,1
0.0011198411,0
0.028199352,0
0.40118775,1
0.056153152,0
0.4704269,0
0.6211411,1
0.0046835025,0
0.002255687,0
0.17469467,0
0.3733796,0
0.34718025,1
0.01787801,0
0.019088086,0
0.009434984,0
0.0013614952,0
0.047397893,1
0.0087975105,0
0.014202124,0
0.48851094,1
0.029063618,0
0.018077089,0
0.0733513,0
0.008988984,0
0.2682025,0
0.12732993,0
0.67730194,1
0.01250543,0
0.005623928,0
0.97847825,1
0.0104385195,0
0.6859992,1
0.21603234,0
0.379088,1
0.0047939066,0
0.2142997,0
0.8795956,1
0.0077702054,0
0.00048673325,0
0.040241774,0
0.8299687,0
0.24710512,0
0.47138885,0
0.23607059,0
0.69926554,1
0.993707,1
0.5221589,1
0.0008049936,0
0.26312682,0
0.050695255,0
0.00023549772,0
0.012399378,0
0.0105067445,0
0.0055182553,0
0.017472174,0
0.033387154,0
0.0002567138,0
0.026397593,0
0.05321027,0
0.00929598,0
0.011378352,0
0.025459463,0
0.16649239,0
0.00036062012,0
0.22353803,0
0.00057894556,0
0.0025903212,0
0.0012233101,0
0.64699256,1
0.33871853,0
0.005017176,0
0.005839803,0
0.03432341,0
0.32102963,0
0.3472875,0
0.16693486,0
0.009387388,1
0.00031664877,0
0.059294958,0
0.005673267,0
0.0006247986,0
0.101495065,1
0.0018050204,0
0.2434334,0
0.0018820605,0
0.017949358,0
0.7352306,1
0.0003525873,0
0.02655688,0
0.07913605,0
0.011153445,0
0.009545887,0
0.27943492,1
0.019842252,0
0.0070396387,0
0.99045676,1
0.8358781,1
0.0004685058,0
0.0012970706,0
0.99106485,1
0.1780191,0
0.5021925,1
0.23156677,1
0.013630814,0
0.00052586396,0
0.005117306,0
0.9866252,1
0.41869655,0
0.014699039,0
0.030105138,1
0.5271453,1
0.004972066,0
0.3161912,0
0.104327805,1
0.83175486,1
0.18445492,1
0.20173061,1
0.028232967,0
0.11097545,0
0.17591925,1
0.049347535,0
0.055889558,0
0.4566857,1
0.03836953,1
0.0144253895,0
0.01651719,0
0.042763244,0
0.14295034,1
0.25611052,1
0.5762578,1
0.87496847,1
0.002983277,0
0.34059632,0
0.7840007,1
0.039555572,0
0.16484354,0
0.00065300317,0
0.72059137,1
0.0006722209,0
0.5378788,1
0.2861549,0
0.015602283,0
0.0015231386,0
0.02366245,0
0.9836547,1
0.004135576,0
0.4790089,1
0.03298264,0
0.79780465,1
0.0041550817,0
0.0016282372,0
0.0032472536,0
0.0029907934,0
0.5425208,0
0.021726856,0
0.0077558085,0
0.24293225,0
0.30563024,1
0.015240346,0
0.0055085714,0
0.0011457327,0
0.015458465,0
0.5231048,0
0.011427537,0
0.1297945,0
0.13950211,0
0.00935031,0
0.991698,1
0.7500367,1
0.29806677,0
0.26908562,1
0.55400527,1
0.4186797,1
0.9868186,1
0.0036794457,0
0.31017143,0
0.3798171,0
0.008903166,0
0.084539495,0
0.60803545,0
0.0024920106,0
0.0050357766,0
0.23668472,0
0.00091316,0
0.59111285,0
0.005418837,0
0.3742473,1
0.9955159,1
0.037211683,0
0.42840794,0
0.20567243,0
0.28619334,0
0.16960986,0
0.011809136,0
0.47480473,0
0.59033906,0
6.118504e-05,0
0.0823922,0
0.10303569,0
0.00680366,0
0.00039206873,0
0.06875011,0
0.011548538,0
0.99819297,1
0.001823808,0
0.00046676418,0
0.6453271,1
0.05449112,0
0.30992335,0
0.6210664,1
0.5454741,1
0.00034078362,0
0.1596794,0
0.39080915,1
0.0028038733,0
0.45088157,0
0.105952494,0
0.08243418,0
0.010929677,0
0.26504427,0
0.0070986287,0
0.61373055,0
0.9995413,1
0.021151759,0
0.1581702,0
0.0037995765,0
0.00031896084,0
0.53861165,1
0.7941182,0
0.674763,1
0.64396507,1
0.08224579,1
0.020351563,0
0.030941354,0
0.7227683,0
0.12990147,0
0.006511166,0
0.0047901883,0
0.81613064,1
0.9108265,1
0.009109095,0
0.51498055,1
0.9991116,1
0.002011125,0
0.00775815,0
0.00040254646,0
0.67692536,1
0.48693702,0
0.006529836,0
0.9477365,1
0.00061376404,0
0.0015229094,0
0.0075973696,0
0.86714464,1
0.0013166267,0
0.5099171,1
0.0029398592,0
0.06429845,0
0.15656358,0
0.35840824,0
0.007411488,0
0.9974322,1
0.2464211,1
0.22280554,0
0.046959985,0
0.009891789,0
0.017554427,0
0.3384448,1
0.0029726133,0
0.0007263895,0
0.043106746,0
0.02942651,0
0.00038749957,0
0.04702534,0
0.377641,0
0.97688144,1
0.000562711,0
0.77959394,1
0.46358624,0
0.16157715,0
0.005337278,0
0.90595895,1
0.44913724,1
0.64880246,0
0.009430657,0
0.06679651,0
0.0006255789,0
0.08773375,0
0.48352256,0
0.1817667,0
0.45603564,0
0.9904627,1
0.013559884,0
0.3943604,1
0.032353424,0
0.1941996,0
0.835829,1
0.44167733,0
0.47397614,1
0.34745607,0
0.6104472,0
0.73117214,0
0.00087126315,0
0.011008943,0
0.034322914,0
0.48567107,1
0.040812243,0
0.0813856,1
0.006642245,0
0.12623827,0
0.45371678,1
0.02652398,0
0.0070181726,0
0.01590313,0
0.48516586,1
0.15453354,0
0.033386618,0
0.28313613,0
0.14415781,0
0.0067825974,0
0.0025425293,0
0.12193822,0
0.34810743,1
0.99721307,1
0.68207836,0
0.048361372,0
0.09327949,0
0.49455908,0
0.33871853,1
0.41040847,0
0.015804827,0
0.0042389296,0
0.15528414,0
0.001513099,0
0.013496923,0
0.071345046,0
0.042054366,0
0.5312968,0
0.006563568,0
0.002420513,0
0.0005961228,0
0.0066578933,0
0.26675984,0
0.08928762,0
0.18013339,0
0.56407887,0
0.95970935,1
0.021008877,0
0.020063218,0
0.18408607,0
0.37912264,1
0.038516637,0
0.9967704,1
0.016761865,0
0.0277131,0
0.010972795,0
0.02650573,0
0.027179336,0
0.0029845126,0
0.99673635,1
0.0059108953,0
0.0008302001,0
0.15832458,0
0.0012425416,0
0.0038695235,0
0.5082873,0
0.0004875942,0
0.0118194735,0
0.6425076,1
0.000378532,0
0.028023453,0
0.142856,0
0.99660987,1
0.018948974,0
0.37132993,0
0.2050093,0
0.074960254,0
0.002045977,0
0.7652712,1
0.00046158102,0
0.20519347,0
0.014362767,0
0.08404217,0
0.097593464,0
0.00031664877,0
0.08351266,0
0.5415106,0
0.9978631,1
0.07789852,0
0.9972684,1
0.022487702,0
0.0024649338,0
0.42706826,1
0.7946785,1
0.032807652,0
0.039259497,0
0.99893326,1
0.9974546,1
0.062586725,0
0.048260193,0
0.04733762,0
0.20252343,0
0.20147054,1
0.4090152,0
0.71556205,1
0.22189455,0
0.18204422,0
0.0047881748,0
0.0006023553,0
0.0024549845,0
0.9896081,1
0.853358,1
0.062065292,1
0.117276035,0
0.29942757,0
0.9661966,1
0.010239068,0
0.048958074,0
0.07484834,0
0.23119466,0
0.99761075,1
0.06438837,0
0.081438445,1
0.029820949,0
0.07520056,0
0.19842762,0
0.0033489529,0
0.3115227,1
0.15458171,0
0.7915678,1
0.09821259,0
0.1871994,0
0.28216526,1
0.17271107,0
0.5610497,1
0.009941275,0
0.056143593,0
0.02266564,0
0.010102325,0
0.041689396,0
0.93098193,1
0.40228906,0
0.018771155,0
0.99596316,1
0.00753698,0
0.0019325046,0
0.021979824,0
0.0005468983,0
0.26045117,0
0.10335978,0
0.024727391,0
0.0026292482,0
0.26127195,0
0.0026809461,0
0.004456934,0
0.007381482,0
0.038519938,0
0.09661772,0
0.43050626,0
0.18582039,1
0.022826778,0
0.018498713,0
0.8593953,1
0.011666957,0
0.002768108,0
0.4085091,1
0.06051551,0
0.00565649,0
0.01097291,0
0.26565415,0
0.037474643,0
0.0021945292,0
0.017344998,0
0.5080503,0
0.99751693,1
0.13062035,0
0.18313034,0
0.13569987,0
0.42268038,1
0.04659276,1
0.0055400357,0
0.14685503,0
0.0126562705,0
0.0023771466,0
0.00052812486,0
0.037796725,0
0.44818497,0
0.17363183,0
0.0004884092,0
0.09674362,0
0.94712347,1
0.18249516,0
0.6392022,1
0.00018682638,0
0.08095833,0
0.32008368,1
0.59526724,1
0.0063775578,0
0.4361358,0
0.85085565,1
0.1672464,0
0.98107547,1
0.010985316,0
0.0033222476,0
0.024333468,0
0.045256544,0
0.025751742,0
0.0093372855,0
0.00038367874,0
0.42386016,0
0.018721491,0
0.003299109,0
0.63778156,1
0.007201035,0
0.99944466,1
0.21551484,0
0.0020621342,0
0.5340412,1
0.1663296,0
0.06226407,0
0.13015094,1
0.06854637,0
0.628722,0
0.023565149,0
0.8091231,1
0.00051167083,0
0.0019039043,0
0.99617815,1
0.100472815,0
0.19273,0
0.006367654,0
0.037910935,0
0.16293943,0
0.00836965,0
0.13256896,0
0.015306923,0
0.0002910849,0
0.008820742,0
0.08012143,0
0.36076212,0
0.04052186,0
0.6185757,1
0.44292727,0
0.98368925,1
0.08520725,0
0.0054179505,0
0.9727977,1
0.8934252,1
0.00023431583,0
0.015115713,0
0.00061072735,0
0.25376493,0
0.005118843,0
0.991102,1
0.48812446,0
0.94055384,0
0.016748386,0
0.013962864,0
0.099176794,0
0.03276503,0
0.057676908,0
0.077045746,0
0.99400854,1
0.058364812,0
0.056469936,0
0.0036410883,0
0.34646687,1
0.18094283,0
0.019856775,0
0.36678794,0
0.005087784,0
0.998903,1
0.00907222,0
0.007047689,0
0.033181682,0
0.4609712,1
0.010092507,0
0.2294069,0
0.1809718,0
0.0010805782,0
0.082713634,0
0.0036116608,0
0.03902288,0
0.2741967,1
0.084467076,0
0.97246164,1
0.05819981,0
0.06438178,0
0.002675724,0
0.16213088,0
0.74795324,0
0.0014375309,0
0.13420366,0
0.12049753,0
0.0010282099,0
0.0036274462,0
0.005663146,0
0.00045124613,0
0.63416696,1
0.09410853,0
0.0034942597,0
0.07204348,0
0.37467882,0
0.6666465,0
0.0328284,0
0.40204898,0
0.72059184,0
0.113711275,0
0.0046204524,0
0.93220896,1
0.9545619,1
0.024265895,0
0.312786,0
0.7621117,1
0.033127114,0
0.0154432105,0
0.45003116,1
0.7157286,1
0.30402574,1
0.025826475,0
0.5683256,0
0.99101573,1
0.03579423,0
0.0040563676,0
0.59411,0
0.10592204,0
0.05189408,0
0.025168054,0
0.40153447,0
0.1826175,1
0.03266269,0
0.9840932,1
0.27340508,0
0.9366024,0
0.00441842,0
0.0009191779,0
0.22005843,0
0.0075758826,0
0.10473771,0
0.0115744,0
0.03812691,0
0.3328757,0
0.04382594,0
0.015312356,0
0.37095806,1
0.3621856,1
0.1372848,1
0.81028277,1
0.20871885,0
0.003639765,0
0.00057398085,0
0.04802088,0
0.003428763,0
0.008042704,0
0.0038197574,0
0.12132076,0
0.5345709,0
0.14128637,1
0.14144097,0
0.02200043,0
0.15682478,1
0.03863748,0
0.38145638,0
0.00080033106,0
0.01191752,0
0.0061529684,0
0.43977502,0
0.72851735,0
0.7691157,1
0.4124538,1
0.2274193,1
0.011486851,0
0.06714822,0
0.01125278,0
0.07155791,0
0.72178906,1
0.82812065,1
0.20583497,1
0.0045887446,0
0.004048545,0
0.04018558,0
0.05233931,0
0.2933463,0
0.273682,0
0.6350228,1
0.9969017,1
0.46616253,1
0.113156326,0
0.4539468,0
0.00488051,0
0.0058371127,0
0.07674101,0
0.1800313,0
0.32218027,0
0.039154813,0
0.9951277,1
0.0005401449,0
0.0023198184,0
0.015200123,0
0.029179914,0
0.082890764,0
0.0038224005,0
0.03825805,0
0.42329654,1
0.0044100527,0
0.015028308,0
0.0025054563,0
0.0141932545,0
0.08557912,0
0.0003264507,0
0.0008420612,0
0.00037885908,0
0.0004336629,0
0.5425836,0
0.25555643,0
0.38043794,1
0.097645484,0
0.6417321,1
0.35961685,0
0.8652888,1
0.0029734687,0
0.98716897,1
0.05733472,0
0.031220322,0
0.020172229,0
0.006337663,0
0.010036243,0
0.24384294,1
0.010461363,0
0.16004992,0
0.030762607,0
0.0018032024,0
0.012383394,0
0.21383794,1
0.69713473,1
0.15520418,0
0.013534319,0
0.0020673925,0
0.053650245,0
0.004461606,0
0.015894484,0
0.9989316,1
0.22385244,1
0.030500842,0
0.02697406,0
0.4803489,1
0.042716186,0
0.15369105,0
0.0007984122,0
0.2099973,0
0.6384428,0
0.0044854707,0
0.53842235,1
0.012910212,0
0.1779586,0
0.00038327478,0
0.9675896,1
0.61690813,0
0.99778557,1
0.0037005981,0
0.04597269,0
0.044491377,1
0.0024258257,0
0.32214183,0
0.003556919,0
0.017360179,0
0.006760636,0
0.517526,1
0.2361501,0
0.3637248,1
0.004604757,0
0.2422084,1
0.0036497389,0
0.00038814088,0
0.06907384,0
0.30933452,0
0.00044492414,0
0.008591092,0
0.6749828,1
0.0006255789,0
0.55043256,1
0.087529115,1
0.0058011985,0
0.9978377,1
0.39677477,1
0.028522262,0
0.5945285,1
0.7449897,1
0.010361378,0
0.015352628,0
0.056762677,1
0.033351116,0
0.5768049,1
0.08378031,0
0.18866475,1
0.008620057,0
0.64216167,1
0.05170575,0
0.45316863,0
0.011803846,0
0.009899377,0
0.22496752,0
0.010690081,0
0.008309477,0
0.0021942672,0
0.003928419,0
0.0070567983,0
0.0038959093,0
0.24543877,0
0.59612,1
0.48532394,1
0.4205886,1
0.22606619,0
0.99853307,1
0.058622953,0
0.058279466,0
0.87727714,1
0.69722575,0
0.0025575114,0
0.02123075,0
0.43402556,1
0.00086230907,0
0.779671,1
0.00054563925,0
0.00040423017,0
0.019869242,0
0.99797326,1
0.1372575,0
0.93605596,1
0.10399992,0
0.262949,0
0.37306246,1
0.09660554,0
0.28453007,1
0.31267014,0
0.004279757,0
0.00064471306,0
0.010874207,0
0.018805338,0
0.34711757,0
0.00094724935,0
0.8176468,0
0.6312323,1
0.2009091,0
0.009710296,0
0.5301974,1
0.99709034,1
0.48375812,0
0.24139099,0
0.011909567,0
0.5154226,1
0.001193745,0
0.0004019017,0
0.03579882,0
0.55641514,1
0.47766137,1
0.9325342,1
0.0046373536,0
0.026210366,0
0.00075386884,0
